MaHD,NgayBan,MaCH,MaHang,SL,DonGia,GiamGia
HD26062600001,26/06/2026 12:24,S11,SP0019,1,249000,12400
HD26062600002,26/06/2026 10:25,S01,SP0008,1,389000,0
HD26062600003,26/06/2026 11:38,S12,SP0012,3,299000,0
HD26062600003,26/06/2026 11:38,S12,SP0001,1,149000,22400
HD26062600003,26/06/2026 11:38,S12,SP0015,2,269000,26900
HD26062600004,26/06/2026 20:15,S10,SP0015,1,269000,0
HD26062600005,26/06/2026 20:10,S07,SP0005,1,219000,0
HD26062600006,26/06/2026 10:23,S02,SP0016,1,319000,0
HD26062600007,26/06/2026 16:03,S06,SP0023,1,179000,9000
HD26062600008,26/06/2026 20:43,S07,SP0024,1,219000,0
HD26062600009,26/06/2026 08:52,S01,SP0017,1,39000,0
HD26062600009,26/06/2026 08:52,S01,SP0009,1,459000,23000
HD26062600010,26/06/2026 14:54,S04,SP0011,1,259000,0
HD26062600010,26/06/2026 14:54,S04,SP0012,1,299000,15000
HD26062600010,26/06/2026 14:54,S04,SP0022,3,139000,41700
HD26062600011,26/06/2026 11:16,S05,SP0008,1,389000,38900
HD26062600012,26/06/2026 11:42,S10,SP0011,3,259000,38800
HD26062600012,26/06/2026 11:42,S10,SP0021,1,199000,10000
HD26062600012,26/06/2026 11:42,S10,SP0014,1,219000,0
HD26062600013,26/06/2026 13:33,S01,SP0006,1,259000,13000
HD26062600014,26/06/2026 16:30,S12,SP0001,1,149000,7400
HD26062600015,26/06/2026 20:21,S06,SP0010,1,529000,26400
HD26062600015,26/06/2026 20:21,S06,SP0004,1,179000,17900
HD26062600015,26/06/2026 20:21,S06,SP0021,1,199000,19900
HD26062600016,26/06/2026 19:51,S08,SP0006,3,259000,0
HD26062600017,26/06/2026 16:28,S02,SP0017,1,39000,3900
HD26062600018,26/06/2026 12:21,S11,SP0015,1,269000,13400
HD26062600019,26/06/2026 09:43,S05,SP0016,1,319000,0
HD26062600020,26/06/2026 14:01,S10,SP0014,1,219000,21900
HD26062600020,26/06/2026 14:01,S10,SP0016,1,319000,0
HD26062600021,26/06/2026 08:46,S02,SP0016,1,319000,31900
HD26062600022,26/06/2026 11:07,S11,SP0007,2,329000,65800
HD26062600023,26/06/2026 19:56,S06,SP0022,1,139000,7000
HD26062600024,26/06/2026 11:04,S11,SP0011,1,259000,25900
HD26062600025,26/06/2026 09:02,S02,SP0011,1,259000,25900
HD26062600025,26/06/2026 09:02,S02,SP0019,2,249000,0
HD26062600025,26/06/2026 09:02,S02,SP0021,1,199000,0
HD26062600026,26/06/2026 08:37,S03,SP0003,1,229000,11400
HD26062600026,26/06/2026 08:37,S03,SP0018,1,59000,8800
HD26062600027,26/06/2026 17:25,S11,SP0007,1,329000,0
HD26062600028,26/06/2026 16:22,S11,SP0019,1,249000,0
HD26062600028,26/06/2026 16:22,S11,SP0020,1,159000,8000
HD26062600029,26/06/2026 15:14,S06,SP0024,1,219000,11000
HD26062600029,26/06/2026 15:14,S06,SP0015,1,269000,13400
HD26062600030,26/06/2026 11:35,S11,SP0007,1,329000,0
HD26062600031,26/06/2026 12:35,S01,SP0017,2,39000,0
HD26062600031,26/06/2026 12:35,S01,SP0009,1,459000,0
HD26062600032,26/06/2026 14:40,S01,SP0007,1,329000,0
HD26062600033,26/06/2026 16:07,S02,SP0024,2,219000,0
HD26062600033,26/06/2026 16:07,S02,SP0006,1,259000,0
HD26062600033,26/06/2026 16:07,S02,SP0006,1,259000,25900
HD26062600034,26/06/2026 17:17,S12,SP0009,1,459000,0
HD26062600035,26/06/2026 18:37,S04,SP0009,3,459000,68800
HD26062600036,26/06/2026 10:27,S06,SP0024,1,219000,32800
HD26062600037,26/06/2026 16:31,S02,SP0017,1,39000,0
HD26062600038,26/06/2026 10:52,S08,SP0008,2,389000,38900
HD26062600039,26/06/2026 11:31,S06,SP0015,3,269000,40400
HD26062600040,26/06/2026 13:14,S10,SP0009,3,459000,206600
HD26062600040,26/06/2026 13:14,S10,SP0014,2,219000,43800
HD26062600040,26/06/2026 13:14,S10,SP0017,1,39000,0
HD26062600041,26/06/2026 19:52,S04,SP0007,2,329000,0
HD26062600042,26/06/2026 20:51,S04,SP0008,3,389000,175000
HD26062600042,26/06/2026 20:51,S04,SP0021,1,199000,0
HD26062600043,26/06/2026 16:25,S11,SP0006,1,259000,0
HD26062600044,26/06/2026 20:56,S11,SP0009,1,459000,45900
HD26062600045,26/06/2026 16:23,S06,SP0001,1,149000,0
HD26062600046,26/06/2026 13:45,S03,SP0015,1,269000,26900
HD26062600047,26/06/2026 16:22,S06,SP0024,1,219000,0
HD26062600047,26/06/2026 16:22,S06,SP0018,1,59000,5900
HD26062600047,26/06/2026 16:22,S06,SP0021,1,199000,0
HD26062600048,26/06/2026 09:22,S10,SP0011,1,259000,38800
HD26062600048,26/06/2026 09:22,S10,SP0002,1,189000,0
HD26062600049,26/06/2026 20:21,S05,SP0020,1,159000,23800
HD26062600049,26/06/2026 20:21,S05,SP0021,1,199000,19900
HD26062600049,26/06/2026 20:21,S05,SP0001,1,149000,22400
HD26062600050,26/06/2026 09:43,S05,SP0009,1,459000,0
HD26062600051,26/06/2026 12:14,S01,SP0012,1,299000,0
HD26062600051,26/06/2026 12:14,S01,SP0022,1,139000,0
HD26062600051,26/06/2026 12:14,S01,SP0009,3,459000,0
HD26062600052,26/06/2026 09:44,S09,SP0008,1,389000,58400
HD26062600053,26/06/2026 10:51,S10,SP0010,2,529000,105800
HD26062600054,26/06/2026 09:55,S08,SP0004,1,179000,0
HD26062600054,26/06/2026 09:55,S08,SP0018,1,59000,3000
HD26062600055,26/06/2026 18:49,S06,SP0008,1,389000,58400
HD26062600056,26/06/2026 13:54,S05,SP0001,1,149000,22400
HD26062600057,26/06/2026 10:20,S01,SP0014,1,219000,11000
HD26062600058,26/06/2026 17:39,S02,SP0008,1,389000,19400
HD26062600058,26/06/2026 17:39,S02,SP0020,2,159000,15900
HD26062600059,26/06/2026 12:42,S09,SP0010,1,529000,26400
HD26062600059,26/06/2026 12:42,S09,SP0003,1,229000,34400
HD26062600060,26/06/2026 15:46,S08,SP0003,1,229000,0
HD26062600060,26/06/2026 15:46,S08,SP0017,1,39000,0
HD26062600061,26/06/2026 14:09,S04,SP0015,1,269000,26900
HD26062600062,26/06/2026 10:53,S05,SP0020,2,159000,47700
HD26062600063,26/06/2026 08:36,S03,SP0021,1,199000,0
HD26062600063,26/06/2026 08:36,S03,SP0006,1,259000,38800
HD26062600064,26/06/2026 11:28,S01,SP0024,1,219000,32800
HD26062600064,26/06/2026 11:28,S01,SP0012,1,299000,0
HD26062600065,26/06/2026 19:43,S02,SP0018,1,59000,8800
HD26062600065,26/06/2026 19:43,S02,SP0005,1,219000,0
HD26062600066,26/06/2026 09:50,S09,SP0009,2,459000,0
HD26062600067,26/06/2026 17:52,S06,SP0020,1,159000,0
HD26062600068,26/06/2026 20:07,S08,SP0013,1,349000,17400
HD26062600069,26/06/2026 10:12,S03,SP0006,1,259000,0
HD26062600070,26/06/2026 09:36,S04,SP0009,1,459000,23000
HD26062600071,26/06/2026 17:28,S06,SP0011,1,259000,0
HD26062600072,26/06/2026 09:15,S10,SP0008,2,389000,0
HD26062600072,26/06/2026 09:15,S10,SP0006,2,259000,25900
HD26062600072,26/06/2026 09:15,S10,SP0018,1,59000,0
HD26062600073,26/06/2026 18:34,S07,SP0015,3,269000,121000
HD26062600074,26/06/2026 14:09,S06,SP0006,2,259000,25900
HD26062600074,26/06/2026 14:09,S06,SP0018,1,59000,0
HD26062600075,26/06/2026 17:18,S05,SP0007,1,329000,49400
HD26062600075,26/06/2026 17:18,S05,SP0006,1,259000,25900
HD26062600075,26/06/2026 17:18,S05,SP0007,1,329000,0
HD26062600076,26/06/2026 18:11,S03,SP0016,1,319000,0
HD26062600076,26/06/2026 18:11,S03,SP0022,3,139000,41700
HD26062600077,26/06/2026 10:03,S10,SP0008,1,389000,0
HD26062600077,26/06/2026 10:03,S10,SP0022,2,139000,41700
HD26062600078,26/06/2026 21:50,S01,SP0017,3,39000,0
HD26062600079,26/06/2026 10:03,S09,SP0002,1,189000,0
HD26062600079,26/06/2026 10:03,S09,SP0015,1,269000,0
HD26062600080,26/06/2026 19:56,S09,SP0010,1,529000,0
HD26062600080,26/06/2026 19:56,S09,SP0017,2,39000,0
HD26062600081,26/06/2026 13:21,S03,SP0021,2,199000,59700
HD26062600082,26/06/2026 13:46,S05,SP0005,1,219000,0
HD26062600082,26/06/2026 13:46,S05,SP0003,1,229000,0
HD26062600082,26/06/2026 13:46,S05,SP0001,1,149000,0
HD26062600083,26/06/2026 08:09,S01,SP0010,2,529000,105800
HD26062600083,26/06/2026 08:09,S01,SP0008,1,389000,19400
HD26062600083,26/06/2026 08:09,S01,SP0015,2,269000,80700
HD26062600084,26/06/2026 21:27,S04,SP0020,1,159000,15900
HD26062600084,26/06/2026 21:27,S04,SP0009,1,459000,0
HD26062600084,26/06/2026 21:27,S04,SP0014,1,219000,0
HD26062600085,26/06/2026 14:51,S11,SP0024,1,219000,32800
HD26062600086,26/06/2026 13:17,S08,SP0023,1,179000,9000
HD26062600087,26/06/2026 12:54,S03,SP0010,1,529000,0
HD26062600088,26/06/2026 18:17,S02,SP0009,1,459000,68800
HD26062600089,26/06/2026 21:23,S05,SP0022,1,139000,13900
HD26062600090,26/06/2026 20:43,S06,SP0006,1,259000,0
HD26062600090,26/06/2026 20:43,S06,SP0017,1,39000,0
HD26062600091,26/06/2026 12:58,S11,SP0007,1,329000,0
HD26062600091,26/06/2026 12:58,S11,SP0004,1,179000,26800
HD26062600092,26/06/2026 17:28,S03,SP0022,1,139000,0
HD26062600093,26/06/2026 12:21,S11,SP0001,1,149000,7400
HD26062600094,26/06/2026 15:49,S04,SP0011,1,259000,0
HD26062600095,26/06/2026 19:17,S09,SP0005,1,219000,32800
HD26062600095,26/06/2026 19:17,S09,SP0016,1,319000,47800
HD26062600096,26/06/2026 10:56,S02,SP0004,1,179000,26800
HD26062600097,26/06/2026 08:16,S11,SP0005,1,219000,11000
HD26062600098,26/06/2026 18:36,S12,SP0018,1,59000,0
HD26062600099,26/06/2026 19:20,S03,SP0023,1,179000,0
HD26062600100,26/06/2026 10:53,S07,SP0019,1,249000,0
HD26062600100,26/06/2026 10:53,S07,SP0015,1,269000,40400
HD26062600101,26/06/2026 19:03,S03,SP0009,1,459000,0
HD26062600102,26/06/2026 18:00,S05,SP0008,2,389000,38900
HD26062600102,26/06/2026 18:00,S05,SP0008,1,389000,0
HD26062600103,26/06/2026 18:37,S08,SP0004,1,179000,9000
HD26062600103,26/06/2026 18:37,S08,SP0004,1,179000,17900
HD26062600104,26/06/2026 12:30,S04,SP0012,1,299000,15000
HD26062600105,26/06/2026 10:30,S06,SP0023,1,179000,17900
HD26062600106,26/06/2026 14:00,S10,SP0008,1,389000,58400
HD26062600107,26/06/2026 21:54,S11,SP0015,2,269000,0
HD26062600107,26/06/2026 21:54,S11,SP0017,2,39000,0
HD26062600108,26/06/2026 16:18,S09,SP0019,1,249000,0
HD26062600109,26/06/2026 16:05,S02,SP0007,1,329000,0
HD26062600110,26/06/2026 18:41,S07,SP0018,1,59000,0
HD26062600110,26/06/2026 18:41,S07,SP0012,1,299000,44800
HD26062600111,26/06/2026 20:36,S06,SP0016,2,319000,63800
HD26062600112,26/06/2026 08:55,S02,SP0008,1,389000,19400
HD26062600112,26/06/2026 08:55,S02,SP0001,1,149000,14900
HD26062600113,26/06/2026 19:41,S10,SP0012,1,299000,0
HD26062600113,26/06/2026 19:41,S10,SP0020,2,159000,0
HD26062600114,26/06/2026 18:54,S02,SP0024,1,219000,11000
HD26062600115,26/06/2026 21:16,S06,SP0006,1,259000,13000
HD26062600116,26/06/2026 09:14,S07,SP0023,1,179000,9000
HD26062600116,26/06/2026 09:14,S07,SP0014,1,219000,32800
HD26062600117,26/06/2026 13:16,S09,SP0012,1,299000,15000
HD26062600118,26/06/2026 14:13,S12,SP0022,1,139000,0
HD26062600119,26/06/2026 19:01,S03,SP0009,1,459000,0
HD26062600120,26/06/2026 10:11,S04,SP0001,1,149000,7400
HD26062600121,26/06/2026 16:44,S03,SP0012,1,299000,15000
HD26062600122,26/06/2026 15:02,S07,SP0024,1,219000,32800
HD26062600123,26/06/2026 19:00,S02,SP0016,1,319000,16000
HD26062600124,26/06/2026 18:24,S02,SP0016,1,319000,47800
HD26062600125,26/06/2026 19:21,S04,SP0004,1,179000,26800
HD26062600126,26/06/2026 20:07,S05,SP0015,3,269000,80700
HD26062600126,26/06/2026 20:07,S05,SP0013,1,349000,34900
HD26062600126,26/06/2026 20:07,S05,SP0003,1,229000,11400
HD26062600127,26/06/2026 20:29,S03,SP0009,1,459000,0
HD26062600128,26/06/2026 14:48,S06,SP0009,1,459000,0
HD26062600128,26/06/2026 14:48,S06,SP0006,2,259000,0
HD26062600129,26/06/2026 10:23,S07,SP0022,1,139000,13900
HD26062600129,26/06/2026 10:23,S07,SP0021,1,199000,0
HD26062600129,26/06/2026 10:23,S07,SP0006,1,259000,38800
HD26062600130,26/06/2026 19:58,S11,SP0001,1,149000,7400
HD26062600131,26/06/2026 19:13,S07,SP0013,1,349000,34900
HD26062600132,26/06/2026 10:40,S05,SP0018,1,59000,3000
HD26062600133,26/06/2026 10:12,S09,SP0015,1,269000,13400
HD26062600134,26/06/2026 20:30,S10,SP0001,2,149000,29800
HD26062600135,26/06/2026 20:01,S08,SP0013,1,349000,0
HD26062600136,26/06/2026 21:19,S02,SP0020,1,159000,15900
HD26062600136,26/06/2026 21:19,S02,SP0013,3,349000,0
HD26062600136,26/06/2026 21:19,S02,SP0003,2,229000,45800
HD26062600137,26/06/2026 11:27,S05,SP0016,2,319000,63800
HD26062600138,26/06/2026 21:35,S01,SP0002,1,189000,0
HD26062600139,26/06/2026 21:40,S10,SP0010,1,529000,79400
HD26062600140,26/06/2026 11:59,S08,SP0001,1,149000,0
HD26062600140,26/06/2026 11:59,S08,SP0022,1,139000,0
HD26062600141,26/06/2026 08:48,S12,SP0012,1,299000,0
HD26062600141,26/06/2026 08:48,S12,SP0001,1,149000,22400
HD26062600141,26/06/2026 08:48,S12,SP0011,1,259000,38800
HD26062600142,26/06/2026 15:54,S06,SP0022,2,139000,0
HD26062600143,26/06/2026 12:14,S10,SP0011,2,259000,77700
HD26062600144,26/06/2026 10:07,S11,SP0003,2,229000,45800
HD26062600145,26/06/2026 18:45,S06,SP0002,1,189000,0
HD26062600145,26/06/2026 18:45,S06,SP0010,1,529000,79400
HD26062600146,26/06/2026 15:19,S06,SP0008,1,389000,38900
HD26062600147,26/06/2026 14:41,S12,SP0016,1,319000,16000
HD26062600148,26/06/2026 17:06,S02,SP0014,1,219000,11000
HD26062600149,26/06/2026 15:26,S12,SP0007,1,329000,16400
HD26062600150,26/06/2026 16:39,S09,SP0003,1,229000,22900
HD26062600151,26/06/2026 08:12,S11,SP0016,1,319000,0
HD26062600152,26/06/2026 12:05,S11,SP0003,1,229000,0
HD26062600153,26/06/2026 17:27,S02,SP0008,1,389000,0
HD26062600154,26/06/2026 15:09,S08,SP0014,1,219000,11000
HD26062600155,26/06/2026 12:23,S05,SP0014,1,219000,11000
HD26062600156,26/06/2026 19:05,S08,SP0012,1,299000,15000
HD26062600157,26/06/2026 11:10,S05,SP0004,1,179000,0
HD26062600157,26/06/2026 11:10,S05,SP0017,1,39000,2000
HD26062600158,26/06/2026 21:17,S05,SP0002,3,189000,0
HD26062600159,26/06/2026 14:40,S12,SP0007,1,329000,49400
HD26062600160,26/06/2026 11:17,S03,SP0013,1,349000,34900
HD26062600161,26/06/2026 16:08,S06,SP0013,1,349000,17400
HD26062600161,26/06/2026 16:08,S06,SP0017,2,39000,3900
HD26062600162,26/06/2026 10:44,S03,SP0022,1,139000,0
HD26062600162,26/06/2026 10:44,S03,SP0001,1,149000,0
HD26062600163,26/06/2026 09:54,S07,SP0024,1,219000,32800
HD26062600164,26/06/2026 11:28,S03,SP0019,1,249000,12400
HD26062600165,26/06/2026 09:55,S01,SP0010,1,529000,79400
HD26062600166,26/06/2026 21:54,S12,SP0024,1,219000,32800
HD26062600166,26/06/2026 21:54,S12,SP0015,1,269000,13400
HD26062600166,26/06/2026 21:54,S12,SP0015,2,269000,53800
HD26062600167,26/06/2026 14:55,S03,SP0008,3,389000,58400
HD26062600168,26/06/2026 10:18,S05,SP0005,3,219000,0
HD26062600169,26/06/2026 10:37,S07,SP0010,1,529000,52900
HD26062600170,26/06/2026 13:28,S01,SP0016,1,319000,0
HD26062600171,26/06/2026 15:16,S03,SP0013,1,349000,0
HD26062600171,26/06/2026 15:16,S03,SP0008,1,389000,0
HD26062600172,26/06/2026 18:52,S12,SP0004,1,179000,0
HD26062600173,26/06/2026 19:36,S01,SP0001,1,149000,7400
HD26062600173,26/06/2026 19:36,S01,SP0013,1,349000,17400
HD26062600174,26/06/2026 13:34,S07,SP0001,1,149000,14900
HD26062600175,26/06/2026 14:57,S07,SP0009,1,459000,45900
HD26062600175,26/06/2026 14:57,S07,SP0002,1,189000,9400
HD26062600176,26/06/2026 13:31,S10,SP0022,1,139000,13900
HD26062600177,26/06/2026 18:24,S01,SP0007,1,329000,49400
HD26062600178,26/06/2026 15:13,S11,SP0004,1,179000,17900
HD26062600178,26/06/2026 15:13,S11,SP0017,2,39000,11700
HD26062600179,26/06/2026 20:42,S06,SP0018,1,59000,0
HD26062600180,26/06/2026 20:05,S11,SP0015,1,269000,13400
HD26062600181,26/06/2026 14:57,S12,SP0023,1,179000,26800
HD26062600182,26/06/2026 11:20,S03,SP0004,1,179000,0
HD26062600183,26/06/2026 12:14,S02,SP0014,2,219000,43800
HD26062600184,26/06/2026 10:43,S04,SP0002,1,189000,0
HD26062600185,26/06/2026 12:42,S02,SP0016,1,319000,31900
HD26062600185,26/06/2026 12:42,S02,SP0007,1,329000,0
HD26062600185,26/06/2026 12:42,S02,SP0009,1,459000,23000
HD26062600186,26/06/2026 15:32,S03,SP0024,1,219000,0
HD26062600186,26/06/2026 15:32,S03,SP0021,1,199000,0
HD26062600187,26/06/2026 17:01,S09,SP0008,1,389000,19400
HD26062600187,26/06/2026 17:01,S09,SP0017,2,39000,3900
HD26062600187,26/06/2026 17:01,S09,SP0014,1,219000,32800
HD26062600188,26/06/2026 10:46,S01,SP0017,2,39000,3900
HD26062600189,26/06/2026 15:53,S11,SP0007,1,329000,49400
HD26062600189,26/06/2026 15:53,S11,SP0019,1,249000,24900
HD26062600190,26/06/2026 08:02,S08,SP0002,2,189000,56700
HD26062600191,26/06/2026 17:39,S12,SP0021,1,199000,10000
HD26062600191,26/06/2026 17:39,S12,SP0004,2,179000,35800
HD26062600192,26/06/2026 11:18,S07,SP0023,1,179000,26800
HD26062600193,26/06/2026 19:51,S01,SP0022,1,139000,7000
HD26062600194,26/06/2026 19:37,S05,SP0018,1,59000,5900
HD26062600195,26/06/2026 09:40,S03,SP0013,1,349000,17400
HD26062600195,26/06/2026 09:40,S03,SP0011,1,259000,38800
HD26062600196,26/06/2026 16:16,S04,SP0021,1,199000,19900
HD26062600197,26/06/2026 19:51,S02,SP0018,3,59000,0
HD26062600198,26/06/2026 17:24,S06,SP0021,1,199000,29800
HD26062600199,26/06/2026 11:52,S08,SP0015,1,269000,26900
HD26062600199,26/06/2026 11:52,S08,SP0016,1,319000,31900
HD26062600200,26/06/2026 10:54,S03,SP0021,2,199000,39800
HD26062600201,26/06/2026 12:47,S01,SP0005,2,219000,0
HD26062600202,26/06/2026 19:34,S10,SP0023,1,179000,26800
HD26062600203,26/06/2026 18:29,S06,SP0005,2,219000,0
HD26062600204,26/06/2026 18:01,S09,SP0021,1,199000,0
HD26062600205,26/06/2026 21:27,S11,SP0012,1,299000,15000
HD26062600205,26/06/2026 21:27,S11,SP0018,1,59000,0
HD26062600205,26/06/2026 21:27,S11,SP0002,1,189000,9400
HD26062600206,26/06/2026 12:47,S01,SP0017,1,39000,5800
HD26062600206,26/06/2026 12:47,S01,SP0021,1,199000,0
HD26062600206,26/06/2026 12:47,S01,SP0022,1,139000,0
HD26062600207,26/06/2026 08:33,S07,SP0017,1,39000,0
HD26062600208,26/06/2026 13:18,S10,SP0013,2,349000,69800
HD26062600208,26/06/2026 13:18,S10,SP0015,1,269000,0
HD26062600208,26/06/2026 13:18,S10,SP0021,1,199000,29800
HD26062600209,26/06/2026 12:40,S08,SP0017,1,39000,2000
HD26062600209,26/06/2026 12:40,S08,SP0009,1,459000,23000
HD26062600209,26/06/2026 12:40,S08,SP0009,1,459000,23000
HD26062600210,26/06/2026 08:41,S02,SP0006,1,259000,25900
HD26062600210,26/06/2026 08:41,S02,SP0007,1,329000,0
HD26062600211,26/06/2026 21:31,S03,SP0016,1,319000,47800
HD26062600211,26/06/2026 21:31,S03,SP0018,1,59000,8800
HD26062600212,26/06/2026 20:34,S11,SP0022,1,139000,0
HD26062600213,26/06/2026 10:15,S07,SP0015,2,269000,80700
HD26062600213,26/06/2026 10:15,S07,SP0011,1,259000,13000
HD26062600214,26/06/2026 16:20,S10,SP0005,1,219000,32800
HD26062600214,26/06/2026 16:20,S10,SP0020,1,159000,15900
HD26062600215,26/06/2026 18:38,S04,SP0021,1,199000,10000
HD26062600215,26/06/2026 18:38,S04,SP0001,1,149000,0
HD26062600216,26/06/2026 13:26,S08,SP0004,1,179000,0
HD26062600216,26/06/2026 13:26,S08,SP0024,3,219000,65700
HD26062600217,26/06/2026 09:32,S01,SP0006,1,259000,0
HD26062600217,26/06/2026 09:32,S01,SP0008,1,389000,38900
HD26062600218,26/06/2026 20:58,S04,SP0016,1,319000,16000
HD26062600219,26/06/2026 11:13,S07,SP0013,1,349000,52400
HD26062600219,26/06/2026 11:13,S07,SP0017,1,39000,2000
HD26062600220,26/06/2026 16:59,S10,SP0005,1,219000,11000
HD26062600221,26/06/2026 15:20,S05,SP0019,1,249000,0
HD26062600221,26/06/2026 15:20,S05,SP0016,3,319000,143600
HD26062600221,26/06/2026 15:20,S05,SP0001,1,149000,7400
HD26062600222,26/06/2026 14:21,S02,SP0018,1,59000,0
HD26062600222,26/06/2026 14:21,S02,SP0017,1,39000,2000
HD26062600223,26/06/2026 17:16,S10,SP0001,1,149000,7400
HD26062600223,26/06/2026 17:16,S10,SP0024,1,219000,0
HD26062600223,26/06/2026 17:16,S10,SP0014,1,219000,21900
HD26062600224,26/06/2026 21:42,S09,SP0023,1,179000,17900
HD26062600225,26/06/2026 15:26,S05,SP0002,1,189000,0
HD26062600225,26/06/2026 15:26,S05,SP0001,1,149000,14900
HD26062600226,26/06/2026 21:39,S01,SP0017,1,39000,0
HD26062600227,26/06/2026 12:02,S07,SP0009,1,459000,45900
HD26062600227,26/06/2026 12:02,S07,SP0009,1,459000,45900
HD26062600227,26/06/2026 12:02,S07,SP0019,1,249000,12400
HD26062600228,26/06/2026 09:21,S05,SP0022,1,139000,20800
HD26062600229,26/06/2026 14:39,S08,SP0023,1,179000,17900
HD26062600229,26/06/2026 14:39,S08,SP0010,1,529000,26400
HD26062600230,26/06/2026 21:09,S06,SP0021,1,199000,0
HD26062600231,26/06/2026 21:44,S09,SP0010,1,529000,52900
HD26062600231,26/06/2026 21:44,S09,SP0010,1,529000,26400
HD26062600232,26/06/2026 14:31,S04,SP0019,1,249000,12400
HD26062600232,26/06/2026 14:31,S04,SP0004,1,179000,17900
HD26062600233,26/06/2026 14:19,S05,SP0023,1,179000,0
HD26062600234,26/06/2026 14:50,S12,SP0012,2,299000,0
HD26062600235,26/06/2026 14:27,S03,SP0008,1,389000,19400
HD26062600236,26/06/2026 18:03,S05,SP0019,1,249000,37400
HD26062600237,26/06/2026 11:45,S08,SP0012,1,299000,15000
HD26062600237,26/06/2026 11:45,S08,SP0018,1,59000,5900
HD26062600237,26/06/2026 11:45,S08,SP0008,1,389000,0
HD26062600238,26/06/2026 16:34,S02,SP0017,1,39000,0
HD26062600238,26/06/2026 16:34,S02,SP0011,1,259000,13000
HD26062600239,26/06/2026 08:49,S02,SP0012,1,299000,44800
HD26062600239,26/06/2026 08:49,S02,SP0017,1,39000,2000
HD26062600239,26/06/2026 08:49,S02,SP0021,1,199000,19900
HD26062600240,26/06/2026 12:15,S08,SP0007,2,329000,0
HD26062600241,26/06/2026 09:41,S01,SP0008,1,389000,38900
HD26062600241,26/06/2026 09:41,S01,SP0003,1,229000,11400
HD26062600242,26/06/2026 17:06,S01,SP0017,2,39000,0
HD26062600243,26/06/2026 12:08,S04,SP0005,1,219000,0
HD26062600244,26/06/2026 13:21,S02,SP0008,3,389000,0
HD26062600244,26/06/2026 13:21,S02,SP0005,1,219000,0
HD26062600245,26/06/2026 10:18,S11,SP0008,1,389000,0
HD26062600245,26/06/2026 10:18,S11,SP0011,1,259000,13000
HD26062600245,26/06/2026 10:18,S11,SP0024,1,219000,21900
HD26062600246,26/06/2026 10:47,S01,SP0002,2,189000,0
HD26062600247,26/06/2026 14:00,S06,SP0004,1,179000,17900
HD26062600247,26/06/2026 14:00,S06,SP0021,1,199000,29800
HD26062600248,26/06/2026 16:05,S05,SP0008,1,389000,0
HD26062600249,26/06/2026 16:29,S11,SP0015,2,269000,53800
HD26062600250,26/06/2026 08:41,S05,SP0015,2,269000,80700
HD26062600251,26/06/2026 12:45,S05,SP0013,1,349000,17400
HD26062600251,26/06/2026 12:45,S05,SP0007,1,329000,0
HD26062600252,26/06/2026 13:17,S03,SP0015,1,269000,0
HD26062600253,26/06/2026 10:17,S06,SP0002,1,189000,0
HD26062600254,26/06/2026 18:20,S04,SP0011,3,259000,0
HD26062600255,26/06/2026 21:41,S08,SP0001,1,149000,14900
HD26062600256,26/06/2026 11:58,S05,SP0024,1,219000,32800
HD26062600257,26/06/2026 17:52,S12,SP0004,2,179000,17900
HD26062600258,26/06/2026 20:14,S08,SP0018,1,59000,8800
HD26062600258,26/06/2026 20:14,S08,SP0020,1,159000,15900
HD26062600259,26/06/2026 09:08,S01,SP0019,1,249000,24900
HD26062600259,26/06/2026 09:08,S01,SP0001,1,149000,7400
HD26062600260,26/06/2026 14:23,S04,SP0024,2,219000,65700
HD26062600260,26/06/2026 14:23,S04,SP0017,1,39000,3900
HD26062600261,26/06/2026 08:10,S08,SP0016,1,319000,0
HD26062600262,26/06/2026 11:36,S07,SP0021,1,199000,19900
HD26062600262,26/06/2026 11:36,S07,SP0004,1,179000,17900
HD26062600263,26/06/2026 20:12,S12,SP0010,1,529000,79400
HD26062600264,26/06/2026 15:04,S08,SP0023,1,179000,0
HD26062600265,26/06/2026 08:04,S06,SP0003,1,229000,34400
HD26062600265,26/06/2026 08:04,S06,SP0005,1,219000,0
HD26062600266,26/06/2026 20:55,S09,SP0016,1,319000,16000
HD26062600267,26/06/2026 19:57,S08,SP0012,1,299000,0
HD26062600268,26/06/2026 17:28,S06,SP0023,1,179000,9000
HD26062600269,26/06/2026 09:43,S02,SP0018,1,59000,8800
HD26062600270,26/06/2026 08:23,S04,SP0012,1,299000,0
HD26062600271,26/06/2026 09:11,S10,SP0017,1,39000,0
HD26062600271,26/06/2026 09:11,S10,SP0009,1,459000,23000
HD26062600272,26/06/2026 18:52,S06,SP0012,1,299000,0
HD26062600273,26/06/2026 11:49,S01,SP0015,1,269000,40400
HD26062600273,26/06/2026 11:49,S01,SP0024,2,219000,43800
