master_sku,product_name,category,list_price,pos_code,shopee_sku,tiktok_sku,barcode,erp_code,unit_cost,launch_date
LM-CLN-01,Lumière Gentle Foam,Cleanser,149000,SP0001,LUM-CLN-1,lum_cln_01,89306000371,10003,48400,2025-01-01
LM-CLN-02,Lumière Rice Water Gel,Cleanser,189000,SP0002,LUM-CLN-2,lum_cln_02,89306000742,10006,56900,2025-01-01
LM-CLN-03,Lumière Green Tea Clay,Cleanser,229000,SP0003,LUM-CLN-3,lum_cln_03,89306001113,10009,84900,2025-01-01
LM-TON-01,Lumière Hydra Toner,Toner,179000,SP0004,LUM-TON-1,lum_ton_01,89306001484,10012,51900,2025-01-01
LM-TON-02,Lumière Pore Toner,Toner,219000,SP0005,LUM-TON-2,lum_ton_02,89306001855,10015,77700,2025-01-01
LM-TON-03,Lumière Calming Mist,Toner,259000,SP0006,LUM-TON-3,lum_ton_03,89306002226,10018,85700,2025-01-01
LM-SER-01,Lumière Vitamin C 15%,Serum,329000,SP0007,LUM-SER-1,lum_ser_01,89306002597,10021,94700,2025-01-01
LM-SER-02,Lumière Niacinamide 10%,Serum,389000,SP0008,LUM-SER-2,lum_ser_02,89306002968,10024,136500,2025-01-01
LM-SER-03,Lumière Retinol 0.3%,Serum,459000,SP0009,LUM-SER-3,lum_ser_03,89306003339,10027,130900,2025-01-01
LM-SER-04,Lumière HA Plus,Serum,529000,SP0010,LUM-SER-4,lum_ser_04,89306003700,10030,180200,2025-01-01
LM-MOI-01,Lumière Barrier Cream,Moisturizer,259000,SP0011,LUM-MOI-1,lum_moi_01,89306004071,10033,75000,2025-01-01
LM-MOI-02,Lumière Water Gel,Moisturizer,299000,SP0012,LUM-MOI-2,lum_moi_02,89306004442,10036,87500,2025-01-01
LM-MOI-03,Lumière Night Cream,Moisturizer,349000,SP0013,LUM-MOI-3,lum_moi_03,89306004813,10039,118400,2025-01-01
LM-SUN-01,Lumière UV Fluid SPF50,Sunscreen,219000,SP0014,LUM-SUN-1,lum_sun_01,89306005184,10042,86600,2025-01-01
LM-SUN-02,Lumière Tone-up SPF50,Sunscreen,269000,SP0015,LUM-SUN-2,lum_sun_02,89306005555,10045,79900,2025-01-01
LM-SUN-03,Lumière Stick SPF50,Sunscreen,319000,SP0016,LUM-SUN-3,lum_sun_03,89306005926,10048,99200,2025-01-01
LM-MSK-01,Lumière Sheet Mask Aloe,Mask,39000,SP0017,LUM-MSK-1,lum_msk_01,89306006297,10051,14300,2025-01-01
LM-MSK-02,Lumière Sheet Mask Rice,Mask,59000,SP0018,LUM-MSK-2,lum_msk_02,89306006668,10054,24300,2025-01-01
LM-MSK-03,Lumière Sleeping Mask,Mask,249000,SP0019,LUM-MSK-3,lum_msk_03,89306007039,10057,89800,2025-01-01
LM-LIP-01,Lumière Tint Rose,Lip,159000,SP0020,LUM-LIP-1,lum_lip_01,89306007400,10060,53300,2025-01-01
LM-LIP-02,Lumière Balm Honey,Lip,199000,SP0021,LUM-LIP-2,lum_lip_02,89306007771,10063,82900,2025-01-01
LM-BDY-01,Lumière Body Wash Peach,Body,139000,SP0022,LUM-BDY-1,lum_bdy_01,89306008142,10066,39800,2025-01-01
LM-BDY-02,Lumière Body Lotion Milk,Body,179000,SP0023,LUM-BDY-2,lum_bdy_02,89306008513,10069,71600,2025-01-01
LM-BDY-03,Lumière Scrub Coffee,Body,219000,SP0024,LUM-BDY-3,lum_bdy_03,89306008884,10072,70100,2025-01-01
LM-SER-05,Lumière Peptide Serum,Serum,579000,SP0099,LUM-SER-5,lum_ser_05,8936999999,10999,190000,2026-08-15
