order_sn,create_time,item_sku,quantity,original_price,seller_discount,order_status
260717SP00001,1784262360,LUM-CLN-3,3,229000,103000,COMPLETED
260717SP00002,1784297400,LUM-SER-3,1,459000,45900,COMPLETED
260717SP00002,1784297400,LUM-SER-1,2,329000,0,COMPLETED
260717SP00003,1784265180,LUM-BDY-1,1,139000,7000,COMPLETED
260717SP00004,1784296860,LUM-SER-2,1,389000,0,COMPLETED
260717SP00004,1784296860,LUM-SUN-3,3,319000,0,COMPLETED
260717SP00004,1784296860,LUM-BDY-3,3,219000,32800,COMPLETED
260717SP00005,1784282520,LUM-CLN-2,1,189000,18900,COMPLETED
260717SP00006,1784277420,LUM-SER-3,1,459000,23000,COMPLETED
260717SP00007,1784264940,LUM-SER-3,1,459000,0,COMPLETED
260717SP00008,1784253960,LUM-BDY-1,1,139000,20800,COMPLETED
260717SP00008,1784253960,LUM-TON-3,2,259000,77700,COMPLETED
260717SP00009,1784289960,LUM-TON-1,1,179000,17900,COMPLETED
260717SP00010,1784273040,LUM-MSK-3,1,249000,0,COMPLETED
260717SP00011,1784270220,LUM-TON-2,1,219000,0,COMPLETED
260717SP00012,1784257980,LUM-SUN-1,1,219000,0,COMPLETED
260717SP00013,1784251740,LUM-SUN-2,1,269000,13400,COMPLETED
260717SP00014,1784284800,LUM-SER-1,1,329000,0,COMPLETED
260717SP00015,1784261820,LUM-TON-1,1,179000,0,COMPLETED
260717SP00015,1784261820,LUM-TON-2,1,219000,32800,COMPLETED
260717SP00016,1784252640,LUM-SER-4,1,529000,79400,COMPLETED
260717SP00017,1784276280,LUM-SER-4,1,529000,79400,COMPLETED
260717SP00017,1784276280,LUM-CLN-2,1,189000,9400,COMPLETED
260717SP00017,1784276280,LUM-SER-1,1,329000,32900,COMPLETED
260717SP00018,1784257020,LUM-MOI-3,3,349000,104700,COMPLETED
260717SP00019,1784269320,LUM-MSK-2,1,59000,3000,COMPLETED
260717SP00019,1784269320,LUM-SER-3,1,459000,0,COMPLETED
260717SP00020,1784289120,LUM-CLN-3,1,229000,0,COMPLETED
260717SP00020,1784289120,LUM-MOI-3,2,349000,0,COMPLETED
260717SP00020,1784289120,LUM-CLN-2,3,189000,0,COMPLETED
260717SP00021,1784255940,LUM-LIP-2,1,199000,19900,COMPLETED
260717SP00021,1784255940,LUM-CLN-3,2,229000,22900,COMPLETED
260717SP00021,1784255940,LUM-SER-3,1,459000,45900,COMPLETED
260717SP00022,1784272020,LUM-MOI-1,2,259000,25900,COMPLETED
260717SP00022,1784272020,LUM-SUN-1,1,219000,21900,COMPLETED
260717SP00023,1784273700,LUM-SUN-2,1,269000,13400,COMPLETED
260717SP00024,1784290260,LUM-MSK-3,1,249000,0,COMPLETED
260717SP00024,1784290260,LUM-SUN-2,1,269000,40400,COMPLETED
260717SP00024,1784290260,LUM-MSK-3,1,249000,24900,COMPLETED
260717SP00025,1784283300,LUM-BDY-3,1,219000,32800,COMPLETED
260717SP00025,1784283300,LUM-MOI-2,1,299000,0,COMPLETED
260717SP00026,1784287860,LUM-CLN-2,1,189000,9400,COMPLETED
260717SP00027,1784266200,LUM-MSK-2,1,59000,0,COMPLETED
260717SP00028,1784267760,LUM-TON-3,1,259000,25900,COMPLETED
260717SP00028,1784267760,LUM-MSK-2,1,59000,0,COMPLETED
260717SP00029,1784287020,LUM-TON-1,1,179000,0,CANCELLED
260717SP00030,1784260140,LUM-BDY-1,1,139000,0,COMPLETED
260717SP00031,1784280060,LUM-TON-3,2,259000,0,COMPLETED
260717SP00031,1784280060,LUM-SUN-1,1,219000,21900,COMPLETED
260717SP00032,1784291640,LUM-MSK-3,1,249000,12400,COMPLETED
260717SP00032,1784291640,LUM-BDY-3,1,219000,0,COMPLETED
260717SP00033,1784253240,LUM-SER-1,1,329000,16400,COMPLETED
260717SP00034,1784260140,LUM-SER-3,2,459000,0,COMPLETED
260717SP00034,1784260140,LUM-SUN-1,1,219000,0,COMPLETED
260717SP00035,1784299020,LUM-SUN-3,1,319000,0,COMPLETED
260717SP00035,1784299020,LUM-TON-2,2,219000,0,COMPLETED
260717SP00035,1784299020,LUM-BDY-3,1,219000,11000,COMPLETED
260717SP00036,1784275020,LUM-LIP-2,1,199000,10000,CANCELLED
260717SP00037,1784261580,LUM-MSK-3,1,249000,24900,COMPLETED
260717SP00038,1784278200,LUM-SER-2,1,389000,0,COMPLETED
260717SP00039,1784296560,LUM-CLN-2,1,189000,0,COMPLETED
260717SP00040,1784294220,LUM-BDY-1,1,139000,0,COMPLETED
260717SP00041,1784259180,LUM-MSK-1,1,39000,5800,COMPLETED
260717SP00042,1784269920,LUM-CLN-3,1,229000,0,COMPLETED
260717SP00043,1784250840,LUM-CLN-1,1,149000,14900,COMPLETED
260717SP00044,1784271120,LUM-BDY-2,1,179000,0,COMPLETED
260717SP00045,1784299020,LUM-SER-3,1,459000,45900,COMPLETED
260717SP00045,1784299020,LUM-CLN-3,1,229000,0,COMPLETED
260717SP00046,1784274060,LUM-SER-3,1,459000,68800,COMPLETED
260717SP00047,1784288280,LUM-SUN-1,2,219000,0,COMPLETED
260717SP00047,1784288280,LUM-SUN-2,1,269000,40400,COMPLETED
260717SP00047,1784288280,LUM-SER-2,1,389000,19400,COMPLETED
260717SP00048,1784296620,LUM-SUN-2,3,269000,121000,COMPLETED
260717SP00049,1784271240,LUM-MSK-3,1,249000,12400,COMPLETED
260717SP00050,1784294220,LUM-MSK-1,1,39000,5800,COMPLETED
260717SP00050,1784294220,LUM-BDY-3,3,219000,0,COMPLETED
260717SP00050,1784294220,LUM-TON-2,1,219000,0,COMPLETED
260717SP00051,1784300280,LUM-SER-3,1,459000,23000,COMPLETED
260717SP00052,1784261400,LUM-MSK-1,1,39000,2000,COMPLETED
260717SP00053,1784285940,LUM-CLN-3,1,229000,34400,COMPLETED
260717SP00054,1784288040,LUM-LIP-2,1,199000,0,COMPLETED
260717SP00055,1784292480,LUM-BDY-1,1,139000,20800,COMPLETED
260717SP00056,1784282160,LUM-SUN-3,1,319000,0,CANCELLED
260717SP00056,1784282160,LUM-LIP-1,2,159000,47700,CANCELLED
260717SP00057,1784267280,LUM-MOI-2,1,299000,29900,COMPLETED
260717SP00058,1784251680,LUM-SUN-3,1,319000,31900,COMPLETED
260717SP00058,1784251680,LUM-BDY-1,1,139000,20800,COMPLETED
260717SP00059,1784288700,LUM-SUN-3,1,319000,16000,COMPLETED
260717SP00059,1784288700,LUM-MOI-3,3,349000,0,COMPLETED
260717SP00060,1784267580,LUM-MOI-1,1,259000,0,COMPLETED
260717SP00060,1784267580,LUM-LIP-1,2,159000,0,COMPLETED
260717SP00060,1784267580,LUM-MOI-2,1,299000,44800,COMPLETED
260717SP00061,1784291580,LUM-MOI-3,1,349000,17400,COMPLETED
260717SP00062,1784276760,LUM-LIP-1,1,159000,15900,COMPLETED
260717SP00062,1784276760,LUM-SUN-3,1,319000,0,COMPLETED
260717SP00062,1784276760,LUM-TON-1,1,179000,26800,COMPLETED
260717SP00063,1784284620,LUM-MSK-3,1,249000,0,COMPLETED
260717SP00064,1784264340,LUM-SER-3,1,459000,23000,CANCELLED
260717SP00064,1784264340,LUM-BDY-3,1,219000,0,CANCELLED
260717SP00065,1784286780,LUM-BDY-3,1,219000,32800,CANCELLED
260717SP00066,1784252340,LUM-LIP-1,2,159000,31800,COMPLETED
260717SP00067,1784266080,LUM-SER-4,2,529000,105800,COMPLETED
260717SP00067,1784266080,LUM-BDY-2,3,179000,0,COMPLETED
260717SP00067,1784266080,LUM-LIP-2,1,199000,29800,COMPLETED
260717SP00068,1784271360,LUM-TON-2,1,219000,21900,COMPLETED
260717SP00069,1784263140,LUM-SUN-1,1,219000,0,COMPLETED
260717SP00070,1784266500,LUM-MOI-1,3,259000,0,COMPLETED
260717SP00070,1784266500,LUM-SUN-3,2,319000,0,COMPLETED
260717SP00070,1784266500,LUM-TON-3,3,259000,0,COMPLETED
260717SP00071,1784263440,LUM-MOI-3,1,349000,17400,COMPLETED
260717SP00071,1784263440,LUM-MOI-2,1,299000,44800,COMPLETED
260717SP00072,1784270820,LUM-LIP-1,1,159000,8000,COMPLETED
260717SP00072,1784270820,LUM-MSK-1,1,39000,2000,COMPLETED
260717SP00073,1784268840,LUM-LIP-2,1,199000,29800,COMPLETED
260717SP00074,1784291280,LUM-CLN-1,2,149000,14900,COMPLETED
260717SP00074,1784291280,LUM-SUN-1,2,219000,21900,COMPLETED
260717SP00074,1784291280,LUM-MSK-1,1,39000,2000,COMPLETED
260717SP00075,1784290980,LUM-SER-3,2,459000,91800,COMPLETED
260717SP00076,1784284920,LUM-LIP-1,1,159000,8000,COMPLETED
260717SP00077,1784264040,LUM-SER-4,1,529000,0,COMPLETED
260717SP00078,1784293260,LUM-CLN-3,1,229000,0,COMPLETED
260717SP00079,1784287380,LUM-LIP-1,1,159000,15900,COMPLETED
260717SP00080,1784287740,LUM-CLN-1,1,149000,7400,COMPLETED
260717SP00081,1784261040,LUM-MSK-3,1,249000,12400,COMPLETED
260717SP00082,1784291580,LUM-SER-3,1,459000,45900,COMPLETED
260717SP00083,1784268720,LUM-SER-1,1,329000,16400,COMPLETED
260717SP00084,1784273700,LUM-TON-1,1,179000,0,COMPLETED
260717SP00084,1784273700,LUM-CLN-3,1,229000,34400,COMPLETED
260717SP00085,1784282280,LUM-CLN-1,1,149000,22400,COMPLETED
260717SP00085,1784282280,LUM-TON-3,1,259000,38800,COMPLETED
260717SP00086,1784273460,LUM-SUN-2,1,269000,0,COMPLETED
260717SP00087,1784260680,LUM-LIP-2,1,199000,0,COMPLETED
260717SP00087,1784260680,LUM-LIP-1,1,159000,0,COMPLETED
260717SP00088,1784289900,LUM-SER-3,1,459000,0,COMPLETED
260717SP00088,1784289900,LUM-MSK-1,1,39000,3900,COMPLETED
260717SP00089,1784289720,LUM-SUN-3,1,319000,0,COMPLETED
260717SP00090,1784286660,LUM-LIP-2,1,199000,0,COMPLETED
260717SP00091,1784263860,LUM-SUN-3,1,319000,47800,COMPLETED
260717SP00092,1784264400,LUM-BDY-3,1,219000,0,COMPLETED
260717SP00092,1784264400,LUM-LIP-1,1,159000,15900,COMPLETED
260717SP00092,1784264400,LUM-BDY-1,1,139000,7000,COMPLETED
260717SP00093,1784260140,LUM-CLN-1,2,149000,0,COMPLETED
260717SP00093,1784260140,LUM-BDY-2,1,179000,0,COMPLETED
260717SP00093,1784260140,LUM-MSK-1,2,39000,0,COMPLETED
260717SP00094,1784263440,LUM-SER-4,2,529000,52900,COMPLETED
260717SP00094,1784263440,LUM-CLN-1,1,149000,22400,COMPLETED
260717SP00095,1784298540,LUM-MSK-1,1,39000,0,COMPLETED
260717SP00095,1784298540,LUM-CLN-1,3,149000,0,COMPLETED
260717SP00096,1784263260,LUM-TON-2,1,219000,11000,COMPLETED
260717SP00097,1784268060,LUM-SER-3,3,459000,68800,COMPLETED
260717SP00098,1784295360,LUM-CLN-1,3,149000,0,CANCELLED
260717SP00098,1784295360,LUM-MSK-2,2,59000,5900,CANCELLED
260717SP00099,1784290200,LUM-MSK-3,1,249000,12400,COMPLETED
260717SP00099,1784290200,LUM-MOI-1,1,259000,0,COMPLETED
260717SP00100,1784255760,LUM-MSK-3,1,249000,37400,COMPLETED
260717SP00101,1784287860,LUM-MSK-1,1,39000,0,COMPLETED
260717SP00102,1784281680,LUM-MSK-3,1,249000,0,COMPLETED
260717SP00103,1784292480,LUM-SER-4,1,529000,26400,COMPLETED
260717SP00104,1784284500,LUM-MSK-2,1,59000,5900,COMPLETED
260717SP00104,1784284500,LUM-CLN-2,1,189000,9400,COMPLETED
260717SP00105,1784291040,LUM-MSK-2,1,59000,5900,COMPLETED
260717SP00105,1784291040,LUM-TON-3,2,259000,77700,COMPLETED
260717SP00106,1784274480,LUM-MOI-2,1,299000,15000,COMPLETED
260717SP00106,1784274480,LUM-MOI-3,1,349000,0,COMPLETED
260717SP00107,1784287740,LUM-LIP-1,2,159000,0,COMPLETED
260717SP00107,1784287740,LUM-SER-1,1,329000,16400,COMPLETED
260717SP00108,1784276520,LUM-BDY-1,2,139000,13900,COMPLETED
260717SP00109,1784267160,LUM-SUN-2,1,269000,0,COMPLETED
260717SP00110,1784285040,LUM-SUN-1,1,219000,11000,COMPLETED
260717SP00110,1784285040,LUM-BDY-1,2,139000,41700,COMPLETED
260717SP00111,1784287380,LUM-LIP-2,2,199000,19900,COMPLETED
260717SP00112,1784283300,LUM-BDY-2,1,179000,17900,COMPLETED
260717SP00112,1784283300,LUM-MOI-3,1,349000,52400,COMPLETED
260717SP00113,1784259960,LUM-MSK-3,1,249000,0,COMPLETED
260717SP00113,1784259960,LUM-TON-3,1,259000,25900,COMPLETED
260717SP00114,1784292960,LUM-MOI-2,1,299000,0,COMPLETED
260717SP00115,1784293980,LUM-SER-2,1,389000,19400,COMPLETED
260717SP00116,1784264040,LUM-SER-3,1,459000,0,COMPLETED
260717SP00117,1784264820,LUM-MOI-1,1,259000,13000,COMPLETED
260717SP00117,1784264820,LUM-BDY-1,1,139000,7000,COMPLETED
260717SP00118,1784279340,LUM-SUN-3,1,319000,0,COMPLETED
260717SP00118,1784279340,LUM-LIP-2,2,199000,0,COMPLETED
260717SP00118,1784279340,LUM-SER-1,2,329000,0,COMPLETED
260717SP00119,1784259120,LUM-MSK-1,3,39000,11700,COMPLETED
260717SP00119,1784259120,LUM-MSK-3,1,249000,0,COMPLETED
260717SP00120,1784283180,LUM-BDY-3,1,219000,11000,COMPLETED
260717SP00121,1784279700,LUM-SER-1,1,329000,49400,COMPLETED
260717SP00121,1784279700,LUM-BDY-2,1,179000,0,COMPLETED
260717SP00122,1784291580,LUM-CLN-3,1,229000,0,COMPLETED
260717SP00122,1784291580,LUM-MOI-2,1,299000,29900,COMPLETED
260717SP00123,1784255580,LUM-SER-2,2,389000,0,COMPLETED
260717SP00124,1784296740,LUM-MSK-2,1,59000,3000,COMPLETED
260717SP00125,1784297460,LUM-SER-4,1,529000,26400,COMPLETED
260717SP00125,1784297460,LUM-SER-3,1,459000,23000,COMPLETED
260717SP00126,1784287020,LUM-SER-1,1,329000,49400,COMPLETED
260717SP00126,1784287020,LUM-SER-2,2,389000,0,COMPLETED
260717SP00127,1784270460,LUM-BDY-1,1,139000,0,COMPLETED
260717SP00127,1784270460,LUM-SER-3,1,459000,23000,COMPLETED
260717SP00128,1784265180,LUM-SER-4,1,529000,52900,COMPLETED
