order_id,created_at,seller_sku,qty,sku_unit_original_price,seller_discount,platform_discount,order_status
570925000001,2026-09-25T05:45:00Z,LUM_BDY_01,1,139000,0,0,DELIVERED
570925000002,2026-09-25T11:00:00Z,lum_sun_02,1,269000,0,0,DELIVERED
570925000003,2026-09-25T02:30:00Z,lum_ton_02,1,219000,21900,0,DELIVERED
570925000004,2026-09-25T08:51:00Z,lum_msk_01,1,39000,3900,2000,DELIVERED
570925000005,2026-09-25T11:43:00Z,lum_sun_02,1,269000,0,0,DELIVERED
570925000005,2026-09-25T11:43:00Z,LUM_MSK_03,1,249000,24900,12400,DELIVERED
570925000006,2026-09-25T03:19:00Z,lum_ser_04,1,529000,79400,0,DELIVERED
570925000006,2026-09-25T03:19:00Z,lum_cln_02,1,189000,28400,9400,DELIVERED
570925000007,2026-09-25T08:03:00Z,lum_bdy_03,1,219000,21900,0,DELIVERED
570925000008,2026-09-25T06:24:00Z,lum_lip_01,3,159000,71600,0,DELIVERED
570925000008,2026-09-25T06:24:00Z,lum_ser_01,1,329000,16400,0,DELIVERED
570925000009,2026-09-25T03:11:00Z,lum_moi_02,1,299000,29900,15000,CANCELLED
570925000009,2026-09-25T03:11:00Z,lum_cln_01,1,149000,0,0,CANCELLED
570925000010,2026-09-25T05:53:00Z,lum_ser_02,1,389000,58400,19400,DELIVERED
570925000010,2026-09-25T05:53:00Z,lum_msk_02,1,59000,3000,0,DELIVERED
570925000011,2026-09-25T02:03:00Z,lum_bdy_03,1,219000,32800,11000,DELIVERED
570925000012,2026-09-25T07:09:00Z,lum_moi_03,1,349000,0,0,DELIVERED
570925000013,2026-09-25T02:14:00Z,lum_ton_03,1,259000,25900,13000,DELIVERED
570925000014,2026-09-25T06:30:00Z,lum_ser_05,1,579000,0,0,DELIVERED
570925000015,2026-09-25T08:09:00Z,LUM_BDY_01,1,139000,0,0,DELIVERED
570925000016,2026-09-25T10:50:00Z,lum_ser_02,1,389000,38900,0,DELIVERED
570925000016,2026-09-25T10:50:00Z,lum_ser_03,1,459000,0,0,DELIVERED
570925000017,2026-09-25T08:33:00Z,LUM_CLN_03,1,229000,34400,0,DELIVERED
570925000018,2026-09-25T07:36:00Z,lum_ser_01,2,329000,98700,0,DELIVERED
570925000018,2026-09-25T07:36:00Z,LUM_MSK_01,1,39000,0,0,DELIVERED
570925000019,2026-09-25T12:31:00Z,lum_lip_01,1,159000,0,0,DELIVERED
570925000019,2026-09-25T12:31:00Z,lum_cln_01,1,149000,22400,7400,DELIVERED
570925000020,2026-09-25T02:32:00Z,LUM_SER_05,2,579000,0,0,DELIVERED
570925000021,2026-09-25T11:05:00Z,lum_ser_03,2,459000,45900,45900,DELIVERED
570925000022,2026-09-25T03:47:00Z,lum_msk_02,1,59000,0,0,DELIVERED
570925000023,2026-09-25T10:28:00Z,lum_sun_01,1,219000,11000,0,DELIVERED
570925000024,2026-09-25T06:32:00Z,lum_lip_01,1,159000,0,0,DELIVERED
570925000025,2026-09-25T12:46:00Z,lum_msk_02,1,59000,0,0,DELIVERED
570925000026,2026-09-25T13:30:00Z,lum_ton_03,1,259000,0,13000,DELIVERED
570925000027,2026-09-25T03:14:00Z,lum_ser_03,1,459000,45900,0,DELIVERED
570925000027,2026-09-25T03:14:00Z,lum_msk_03,1,249000,0,0,DELIVERED
570925000028,2026-09-25T04:38:00Z,lum_ser_01,3,329000,98700,0,DELIVERED
570925000028,2026-09-25T04:38:00Z,lum_ser_04,2,529000,105800,52900,DELIVERED
570925000029,2026-09-25T12:13:00Z,lum_ser_02,1,389000,0,19400,CANCELLED
570925000030,2026-09-25T05:51:00Z,LUM_MOI_03,1,349000,52400,0,DELIVERED
570925000031,2026-09-25T03:24:00Z,lum_bdy_02,1,179000,17900,9000,DELIVERED
570925000032,2026-09-25T02:52:00Z,lum_ser_03,1,459000,45900,0,DELIVERED
570925000033,2026-09-25T04:21:00Z,lum_lip_01,1,159000,0,0,DELIVERED
570925000034,2026-09-25T04:27:00Z,lum_sun_03,3,319000,143600,0,DELIVERED
570925000035,2026-09-25T13:01:00Z,LUM_LIP_01,1,159000,0,0,DELIVERED
570925000036,2026-09-25T13:13:00Z,lum_cln_01,1,149000,7400,0,CANCELLED
570925000036,2026-09-25T13:13:00Z,LUM_SER_03,1,459000,68800,0,CANCELLED
570925000037,2026-09-25T13:17:00Z,lum_bdy_03,1,219000,0,0,DELIVERED
570925000038,2026-09-25T05:56:00Z,lum_ton_02,1,219000,0,0,DELIVERED
570925000039,2026-09-25T07:19:00Z,lum_bdy_01,2,139000,0,0,DELIVERED
570925000039,2026-09-25T07:19:00Z,lum_sun_02,1,269000,13400,0,DELIVERED
570925000040,2026-09-25T06:51:00Z,lum_moi_01,3,259000,0,38800,DELIVERED
570925000041,2026-09-25T13:04:00Z,lum_lip_02,2,199000,0,0,DELIVERED
570925000041,2026-09-25T13:04:00Z,lum_ser_01,1,329000,0,0,DELIVERED
570925000042,2026-09-25T12:53:00Z,lum_ser_04,1,529000,0,0,DELIVERED
570925000042,2026-09-25T12:53:00Z,LUM_LIP_01,1,159000,0,0,DELIVERED
570925000042,2026-09-25T12:53:00Z,lum_sun_02,1,269000,0,0,DELIVERED
570925000043,2026-09-25T02:39:00Z,lum_lip_02,1,199000,0,0,DELIVERED
570925000044,2026-09-25T09:21:00Z,lum_msk_02,1,59000,5900,0,DELIVERED
570925000044,2026-09-25T09:21:00Z,lum_sun_03,1,319000,31900,0,DELIVERED
570925000044,2026-09-25T09:21:00Z,lum_bdy_01,2,139000,0,0,DELIVERED
570925000045,2026-09-25T01:24:00Z,lum_ser_02,1,389000,0,19400,DELIVERED
570925000045,2026-09-25T01:24:00Z,lum_ser_01,2,329000,0,0,DELIVERED
570925000045,2026-09-25T01:24:00Z,lum_cln_01,1,149000,0,7400,DELIVERED
570925000046,2026-09-25T03:38:00Z,lum_cln_02,1,189000,9400,0,DELIVERED
570925000046,2026-09-25T03:38:00Z,lum_bdy_03,1,219000,11000,0,DELIVERED
570925000047,2026-09-25T13:00:00Z,lum_sun_01,1,219000,11000,11000,DELIVERED
570925000048,2026-09-25T11:55:00Z,lum_ser_04,2,529000,0,0,DELIVERED
570925000049,2026-09-25T01:13:00Z,lum_msk_02,1,59000,5900,0,DELIVERED
570925000050,2026-09-25T03:53:00Z,LUM_SER_04,1,529000,79400,0,DELIVERED
570925000050,2026-09-25T03:53:00Z,LUM_SER_05,1,579000,0,0,DELIVERED
570925000051,2026-09-25T07:30:00Z,lum_bdy_03,2,219000,0,0,DELIVERED
570925000052,2026-09-25T11:21:00Z,lum_bdy_01,1,139000,7000,0,DELIVERED
570925000052,2026-09-25T11:21:00Z,LUM_BDY_03,1,219000,21900,0,DELIVERED
570925000052,2026-09-25T11:21:00Z,lum_ser_03,1,459000,0,23000,DELIVERED
570925000053,2026-09-25T08:51:00Z,lum_ser_02,1,389000,38900,19400,DELIVERED
570925000054,2026-09-25T09:21:00Z,lum_ser_01,1,329000,32900,0,DELIVERED
570925000055,2026-09-25T06:16:00Z,lum_sun_02,1,269000,26900,0,DELIVERED
570925000056,2026-09-25T10:48:00Z,lum_moi_03,1,349000,0,17400,DELIVERED
570925000057,2026-09-25T03:34:00Z,lum_cln_03,2,229000,0,22900,DELIVERED
570925000058,2026-09-25T02:53:00Z,lum_cln_01,3,149000,22400,0,DELIVERED
570925000059,2026-09-25T10:19:00Z,lum_ser_03,1,459000,0,0,DELIVERED
570925000060,2026-09-25T05:43:00Z,lum_bdy_02,1,179000,9000,0,CANCELLED
570925000061,2026-09-25T02:40:00Z,lum_msk_01,1,39000,0,0,DELIVERED
570925000062,2026-09-25T12:28:00Z,lum_bdy_03,1,219000,21900,11000,DELIVERED
570925000062,2026-09-25T12:28:00Z,lum_cln_01,1,149000,0,0,DELIVERED
570925000062,2026-09-25T12:28:00Z,lum_bdy_03,1,219000,0,11000,DELIVERED
570925000063,2026-09-25T05:11:00Z,lum_cln_02,1,189000,18900,0,DELIVERED
570925000064,2026-09-25T14:48:00Z,lum_bdy_01,1,139000,13900,0,DELIVERED
570925000065,2026-09-25T11:11:00Z,lum_bdy_02,1,179000,26800,9000,DELIVERED
570925000066,2026-09-25T01:58:00Z,lum_msk_01,3,39000,5800,0,DELIVERED
570925000066,2026-09-25T01:58:00Z,lum_cln_02,1,189000,28400,9400,DELIVERED
570925000067,2026-09-25T13:56:00Z,lum_ser_01,1,329000,32900,0,DELIVERED
570925000067,2026-09-25T13:56:00Z,lum_msk_02,2,59000,0,0,DELIVERED
570925000067,2026-09-25T13:56:00Z,lum_moi_01,1,259000,0,0,DELIVERED
570925000068,2026-09-25T14:29:00Z,lum_ser_02,1,389000,38900,19400,DELIVERED
570925000068,2026-09-25T14:29:00Z,LUM_MSK_03,2,249000,24900,24900,DELIVERED
570925000069,2026-09-25T07:53:00Z,lum_ton_01,1,179000,17900,9000,DELIVERED
570925000069,2026-09-25T07:53:00Z,lum_lip_01,1,159000,15900,8000,DELIVERED
570925000070,2026-09-25T09:21:00Z,lum_ser_02,2,389000,0,0,DELIVERED
570925000070,2026-09-25T09:21:00Z,lum_ser_05,1,579000,57900,0,DELIVERED
570925000071,2026-09-25T03:44:00Z,lum_ser_03,1,459000,23000,0,DELIVERED
570925000072,2026-09-25T06:38:00Z,LUM_MOI_03,1,349000,0,0,DELIVERED
570925000072,2026-09-25T06:38:00Z,LUM_MSK_02,1,59000,3000,0,DELIVERED
570925000073,2026-09-25T08:55:00Z,LUM_LIP_01,2,159000,31800,0,DELIVERED
570925000074,2026-09-25T08:42:00Z,LUM_SUN_03,3,319000,0,0,DELIVERED
570925000075,2026-09-25T01:31:00Z,lum_bdy_02,1,179000,17900,9000,DELIVERED
570925000075,2026-09-25T01:31:00Z,lum_sun_03,1,319000,31900,0,DELIVERED
570925000076,2026-09-25T09:27:00Z,lum_sun_02,1,269000,0,13400,DELIVERED
570925000076,2026-09-25T09:27:00Z,lum_ser_02,2,389000,0,0,DELIVERED
570925000077,2026-09-25T13:23:00Z,lum_cln_03,1,229000,11400,11400,DELIVERED
570925000078,2026-09-25T07:13:00Z,LUM_SER_04,1,529000,52900,0,DELIVERED
570925000078,2026-09-25T07:13:00Z,lum_moi_03,1,349000,17400,17400,DELIVERED
570925000079,2026-09-25T12:53:00Z,lum_lip_02,1,199000,10000,0,DELIVERED
570925000079,2026-09-25T12:53:00Z,lum_ser_03,1,459000,68800,23000,DELIVERED
570925000080,2026-09-25T10:18:00Z,lum_bdy_02,2,179000,0,0,DELIVERED
570925000081,2026-09-25T08:41:00Z,lum_msk_02,1,59000,8800,0,DELIVERED
570925000082,2026-09-25T03:35:00Z,lum_sun_01,1,219000,0,11000,DELIVERED
570925000083,2026-09-25T02:42:00Z,lum_ser_02,1,389000,0,19400,DELIVERED
570925000084,2026-09-25T14:18:00Z,lum_sun_03,1,319000,16000,16000,DELIVERED
570925000085,2026-09-25T04:31:00Z,lum_sun_03,2,319000,95700,0,DELIVERED
570925000086,2026-09-25T14:47:00Z,lum_cln_02,1,189000,0,0,DELIVERED
570925000087,2026-09-25T14:45:00Z,lum_ser_02,1,389000,0,19400,DELIVERED
570925000088,2026-09-25T13:34:00Z,lum_ton_01,3,179000,0,0,DELIVERED
570925000089,2026-09-25T08:51:00Z,lum_ser_01,1,329000,32900,0,DELIVERED
570925000089,2026-09-25T08:51:00Z,lum_bdy_01,1,139000,0,7000,DELIVERED
570925000090,2026-09-25T12:08:00Z,lum_msk_03,2,249000,0,0,DELIVERED
570925000090,2026-09-25T12:08:00Z,lum_lip_02,1,199000,19900,0,DELIVERED
570925000091,2026-09-25T12:47:00Z,lum_lip_01,1,159000,0,8000,DELIVERED
570925000092,2026-09-25T12:05:00Z,lum_msk_01,1,39000,5800,0,DELIVERED
570925000092,2026-09-25T12:05:00Z,lum_ser_04,1,529000,52900,0,DELIVERED
570925000093,2026-09-25T14:19:00Z,lum_cln_02,1,189000,0,0,DELIVERED
570925000094,2026-09-25T05:48:00Z,lum_ton_01,1,179000,9000,0,DELIVERED
570925000094,2026-09-25T05:48:00Z,lum_sun_01,1,219000,32800,0,DELIVERED
570925000095,2026-09-25T14:09:00Z,lum_ser_01,1,329000,0,0,DELIVERED
570925000096,2026-09-25T02:29:00Z,lum_bdy_02,1,179000,26800,9000,CANCELLED
570925000096,2026-09-25T02:29:00Z,lum_bdy_02,1,179000,17900,9000,CANCELLED
570925000097,2026-09-25T13:18:00Z,lum_ser_02,1,389000,0,19400,DELIVERED
570925000098,2026-09-25T10:04:00Z,lum_ton_03,1,259000,38800,13000,DELIVERED
570925000099,2026-09-25T05:19:00Z,lum_msk_03,1,249000,24900,0,DELIVERED
570925000099,2026-09-25T05:19:00Z,lum_sun_02,2,269000,0,0,DELIVERED
570925000100,2026-09-25T09:29:00Z,lum_msk_02,1,59000,8800,0,DELIVERED
570925000100,2026-09-25T09:29:00Z,lum_moi_01,1,259000,25900,0,DELIVERED
570925000101,2026-09-25T04:30:00Z,lum_ton_02,1,219000,11000,0,DELIVERED
570925000101,2026-09-25T04:30:00Z,lum_moi_03,1,349000,17400,17400,DELIVERED
570925000102,2026-09-25T02:33:00Z,lum_cln_01,1,149000,22400,0,CANCELLED
570925000103,2026-09-25T04:49:00Z,lum_ton_03,1,259000,0,13000,DELIVERED
570925000104,2026-09-25T14:50:00Z,lum_sun_02,1,269000,13400,0,DELIVERED
570925000104,2026-09-25T14:50:00Z,lum_lip_01,1,159000,8000,0,DELIVERED
570925000105,2026-09-25T02:31:00Z,lum_sun_02,3,269000,121000,40400,DELIVERED
570925000106,2026-09-25T14:47:00Z,lum_ser_04,2,529000,0,0,CANCELLED
570925000106,2026-09-25T14:47:00Z,lum_msk_01,1,39000,5800,0,CANCELLED
570925000106,2026-09-25T14:47:00Z,lum_cln_03,1,229000,0,0,CANCELLED
570925000107,2026-09-25T12:01:00Z,lum_bdy_02,1,179000,26800,9000,DELIVERED
570925000107,2026-09-25T12:01:00Z,lum_cln_03,1,229000,11400,0,DELIVERED
570925000107,2026-09-25T12:01:00Z,LUM_BDY_01,1,139000,13900,7000,DELIVERED
570925000108,2026-09-25T10:49:00Z,lum_sun_03,1,319000,0,16000,CANCELLED
570925000108,2026-09-25T10:49:00Z,lum_bdy_03,1,219000,0,0,CANCELLED
570925000108,2026-09-25T10:49:00Z,lum_msk_02,1,59000,8800,0,CANCELLED
570925000109,2026-09-25T13:10:00Z,lum_ser_05,1,579000,0,29000,DELIVERED
570925000109,2026-09-25T13:10:00Z,LUM_MSK_02,1,59000,0,3000,DELIVERED
570925000110,2026-09-25T13:24:00Z,LUM_SUN_02,1,269000,0,0,DELIVERED
570925000111,2026-09-25T11:08:00Z,lum_ser_01,1,329000,0,0,DELIVERED
570925000112,2026-09-25T13:54:00Z,lum_ton_01,1,179000,0,9000,DELIVERED
570925000113,2026-09-25T07:35:00Z,lum_moi_01,1,259000,0,13000,DELIVERED
570925000114,2026-09-25T03:42:00Z,lum_ser_03,1,459000,23000,0,CANCELLED
570925000114,2026-09-25T03:42:00Z,lum_ser_05,1,579000,86800,29000,CANCELLED
570925000115,2026-09-25T03:03:00Z,lum_moi_01,1,259000,25900,0,DELIVERED
570925000116,2026-09-25T14:39:00Z,LUM_CLN_03,1,229000,34400,11400,DELIVERED
570925000116,2026-09-25T14:39:00Z,lum_sun_01,1,219000,0,0,DELIVERED
570925000117,2026-09-25T14:06:00Z,lum_ton_02,1,219000,0,0,DELIVERED
570925000118,2026-09-25T01:01:00Z,lum_sun_03,1,319000,47800,0,DELIVERED
570925000118,2026-09-25T01:01:00Z,lum_cln_01,1,149000,14900,0,DELIVERED
570925000119,2026-09-25T08:16:00Z,lum_sun_02,1,269000,0,13400,DELIVERED
570925000120,2026-09-25T08:01:00Z,lum_msk_02,1,59000,8800,0,DELIVERED
570925000121,2026-09-25T09:24:00Z,lum_ser_04,1,529000,52900,0,DELIVERED
570925000122,2026-09-25T10:46:00Z,lum_msk_03,1,249000,0,12400,DELIVERED
570925000123,2026-09-25T11:23:00Z,lum_ser_05,3,579000,173700,0,DELIVERED
570925000123,2026-09-25T11:23:00Z,lum_cln_03,1,229000,22900,11400,DELIVERED
570925000124,2026-09-25T13:50:00Z,lum_sun_03,2,319000,63800,0,DELIVERED
570925000124,2026-09-25T13:50:00Z,lum_cln_02,1,189000,18900,0,DELIVERED
570925000125,2026-09-25T12:46:00Z,LUM_BDY_02,1,179000,0,9000,DELIVERED
570925000125,2026-09-25T12:46:00Z,LUM_SER_02,1,389000,0,0,DELIVERED
570925000126,2026-09-25T08:43:00Z,lum_moi_01,1,259000,38800,0,DELIVERED
570925000127,2026-09-25T04:30:00Z,lum_ser_02,1,389000,38900,0,DELIVERED
570925000127,2026-09-25T04:30:00Z,lum_ser_01,1,329000,16400,16400,DELIVERED
570925000127,2026-09-25T04:30:00Z,LUM_MSK_02,1,59000,8800,3000,DELIVERED
570925000128,2026-09-25T11:00:00Z,lum_sun_03,1,319000,0,0,DELIVERED
570925000129,2026-09-25T02:08:00Z,lum_ton_02,1,219000,32800,0,CANCELLED
570925000129,2026-09-25T02:08:00Z,lum_bdy_01,1,139000,20800,7000,CANCELLED
570925000129,2026-09-25T02:08:00Z,lum_ser_04,2,529000,158700,0,CANCELLED
570925000130,2026-09-25T08:19:00Z,lum_bdy_02,1,179000,17900,0,DELIVERED
570925000131,2026-09-25T04:30:00Z,lum_bdy_03,1,219000,11000,11000,DELIVERED
570925000132,2026-09-25T14:45:00Z,lum_sun_02,1,269000,0,0,DELIVERED
570925000133,2026-09-25T03:35:00Z,lum_bdy_02,1,179000,26800,0,DELIVERED
570925000133,2026-09-25T03:35:00Z,lum_msk_01,1,39000,0,0,DELIVERED
570925000133,2026-09-25T03:35:00Z,lum_msk_03,1,249000,0,0,DELIVERED
570925000134,2026-09-25T01:49:00Z,lum_sun_01,3,219000,0,0,DELIVERED
570925000135,2026-09-25T06:26:00Z,lum_ser_02,1,389000,0,0,DELIVERED
570925000136,2026-09-25T06:28:00Z,lum_cln_01,2,149000,0,0,DELIVERED
570925000136,2026-09-25T06:28:00Z,lum_bdy_01,1,139000,13900,0,DELIVERED
570925000137,2026-09-25T12:30:00Z,lum_sun_01,1,219000,0,11000,DELIVERED
570925000137,2026-09-25T12:30:00Z,LUM_SUN_02,2,269000,53800,0,DELIVERED
570925000137,2026-09-25T12:30:00Z,lum_bdy_02,1,179000,0,9000,DELIVERED
570925000138,2026-09-25T10:44:00Z,lum_cln_01,1,149000,0,0,DELIVERED
570925000138,2026-09-25T10:44:00Z,lum_bdy_01,1,139000,7000,7000,DELIVERED
570925000139,2026-09-25T12:30:00Z,LUM_CLN_02,2,189000,37800,18900,CANCELLED
570925000140,2026-09-25T04:49:00Z,lum_bdy_02,1,179000,26800,0,DELIVERED
570925000140,2026-09-25T04:49:00Z,LUM_TON_02,2,219000,0,21900,DELIVERED
570925000141,2026-09-25T03:01:00Z,lum_sun_03,1,319000,16000,0,DELIVERED
570925000142,2026-09-25T14:38:00Z,lum_cln_01,1,149000,0,0,DELIVERED
570925000142,2026-09-25T14:38:00Z,LUM_SER_02,1,389000,58400,19400,DELIVERED
570925000143,2026-09-25T11:41:00Z,LUM_CLN_01,1,149000,14900,0,DELIVERED
570925999999,2026-09-25T11:28:00Z,lum_live_combo_09,1,499000,50000,0,DELIVERED
