product_code,location,snapshot_date,on_hand,avg_cost
10003,S01,2026-09-24,60,48400
10006,S01,2026-09-24,46,56900
10009,S01,2026-09-24,34,84900
10012,S01,2026-09-24,24,51900
10015,S01,2026-09-24,16,77700
10018,S01,2026-09-24,54,85700
10021,S01,2026-09-24,41,94700
10024,S01,2026-09-24,30,136500
10027,S01,2026-09-24,20,130900
10030,S01,2026-09-24,12,180200
10033,S01,2026-09-24,49,75000
10036,S01,2026-09-24,36,87500
10039,S01,2026-09-24,26,118400
10042,S01,2026-09-24,16,86600
10045,S01,2026-09-24,60,79900
10048,S01,2026-09-24,44,99200
10051,S01,2026-09-24,32,14300
10054,S01,2026-09-24,21,24300
10057,S01,2026-09-24,12,89800
10060,S01,2026-09-24,56,53300
10063,S01,2026-09-24,39,82900
10066,S01,2026-09-24,27,39800
10069,S01,2026-09-24,17,71600
10072,S01,2026-09-24,8,70100
10999,S01,2026-09-24,52,190000
10003,S02,2026-09-24,60,48400
10006,S02,2026-09-24,46,56900
10009,S02,2026-09-24,34,84900
10012,S02,2026-09-24,24,51900
10015,S02,2026-09-24,16,77700
10018,S02,2026-09-24,54,85700
10021,S02,2026-09-24,41,94700
10024,S02,2026-09-24,30,136500
10027,S02,2026-09-24,20,130900
10030,S02,2026-09-24,12,180200
10033,S02,2026-09-24,49,75000
10036,S02,2026-09-24,36,87500
10039,S02,2026-09-24,26,118400
10042,S02,2026-09-24,16,86600
10045,S02,2026-09-24,60,79900
10048,S02,2026-09-24,44,99200
10051,S02,2026-09-24,32,14300
10054,S02,2026-09-24,21,24300
10057,S02,2026-09-24,12,89800
10060,S02,2026-09-24,56,53300
10063,S02,2026-09-24,39,82900
10066,S02,2026-09-24,27,39800
10069,S02,2026-09-24,17,71600
10072,S02,2026-09-24,8,70100
10999,S02,2026-09-24,52,190000
10003,S03,2026-09-24,60,48400
10006,S03,2026-09-24,46,56900
10009,S03,2026-09-24,34,84900
10012,S03,2026-09-24,24,51900
10015,S03,2026-09-24,16,77700
10018,S03,2026-09-24,54,85700
10021,S03,2026-09-24,41,94700
10024,S03,2026-09-24,30,136500
10027,S03,2026-09-24,20,130900
10030,S03,2026-09-24,12,180200
10033,S03,2026-09-24,49,75000
10036,S03,2026-09-24,36,87500
10039,S03,2026-09-24,26,118400
10042,S03,2026-09-24,16,86600
10045,S03,2026-09-24,60,79900
10048,S03,2026-09-24,44,99200
10051,S03,2026-09-24,32,14300
10054,S03,2026-09-24,21,24300
10057,S03,2026-09-24,12,89800
10060,S03,2026-09-24,56,53300
10063,S03,2026-09-24,39,82900
10066,S03,2026-09-24,27,39800
10069,S03,2026-09-24,17,71600
10072,S03,2026-09-24,8,70100
10999,S03,2026-09-24,52,190000
10003,S04,2026-09-24,60,48400
10006,S04,2026-09-24,46,56900
10009,S04,2026-09-24,34,84900
10012,S04,2026-09-24,24,51900
10015,S04,2026-09-24,16,77700
10018,S04,2026-09-24,54,85700
10021,S04,2026-09-24,41,94700
10024,S04,2026-09-24,30,136500
10027,S04,2026-09-24,20,130900
10030,S04,2026-09-24,12,180200
10033,S04,2026-09-24,49,75000
10036,S04,2026-09-24,36,87500
10039,S04,2026-09-24,26,118400
10042,S04,2026-09-24,16,86600
10045,S04,2026-09-24,60,79900
10048,S04,2026-09-24,44,99200
10051,S04,2026-09-24,32,14300
10054,S04,2026-09-24,21,24300
10057,S04,2026-09-24,12,89800
10060,S04,2026-09-24,56,53300
10063,S04,2026-09-24,39,82900
10066,S04,2026-09-24,27,39800
10069,S04,2026-09-24,17,71600
10072,S04,2026-09-24,8,70100
10999,S04,2026-09-24,52,190000
10003,S05,2026-09-24,60,48400
10006,S05,2026-09-24,46,56900
10009,S05,2026-09-24,34,84900
10012,S05,2026-09-24,24,51900
10015,S05,2026-09-24,16,77700
10018,S05,2026-09-24,54,85700
10021,S05,2026-09-24,41,94700
10024,S05,2026-09-24,30,136500
10027,S05,2026-09-24,20,130900
10030,S05,2026-09-24,12,180200
10033,S05,2026-09-24,49,75000
10036,S05,2026-09-24,36,87500
10039,S05,2026-09-24,26,118400
10042,S05,2026-09-24,16,86600
10045,S05,2026-09-24,60,79900
10048,S05,2026-09-24,44,99200
10051,S05,2026-09-24,32,14300
10054,S05,2026-09-24,21,24300
10057,S05,2026-09-24,12,89800
10060,S05,2026-09-24,56,53300
10063,S05,2026-09-24,39,82900
10066,S05,2026-09-24,27,39800
10069,S05,2026-09-24,17,71600
10072,S05,2026-09-24,8,70100
10999,S05,2026-09-24,52,190000
10003,S06,2026-09-24,60,48400
10006,S06,2026-09-24,46,56900
10009,S06,2026-09-24,34,84900
10012,S06,2026-09-24,24,51900
10015,S06,2026-09-24,16,77700
10018,S06,2026-09-24,54,85700
10021,S06,2026-09-24,41,94700
10024,S06,2026-09-24,30,136500
10027,S06,2026-09-24,20,130900
10030,S06,2026-09-24,12,180200
10033,S06,2026-09-24,49,75000
10036,S06,2026-09-24,36,87500
10039,S06,2026-09-24,26,118400
10042,S06,2026-09-24,16,86600
10045,S06,2026-09-24,60,79900
10048,S06,2026-09-24,44,99200
10051,S06,2026-09-24,32,14300
10054,S06,2026-09-24,21,24300
10057,S06,2026-09-24,12,89800
10060,S06,2026-09-24,56,53300
10063,S06,2026-09-24,39,82900
10066,S06,2026-09-24,27,39800
10069,S06,2026-09-24,17,71600
10072,S06,2026-09-24,8,70100
10999,S06,2026-09-24,52,190000
10003,S07,2026-09-24,60,48400
10006,S07,2026-09-24,46,56900
10009,S07,2026-09-24,34,84900
10012,S07,2026-09-24,24,51900
10015,S07,2026-09-24,16,77700
10018,S07,2026-09-24,54,85700
10021,S07,2026-09-24,41,94700
10024,S07,2026-09-24,30,136500
10027,S07,2026-09-24,20,130900
10030,S07,2026-09-24,12,180200
10033,S07,2026-09-24,49,75000
10036,S07,2026-09-24,36,87500
10039,S07,2026-09-24,26,118400
10042,S07,2026-09-24,16,86600
10045,S07,2026-09-24,60,79900
10048,S07,2026-09-24,44,99200
10051,S07,2026-09-24,32,14300
10054,S07,2026-09-24,21,24300
10057,S07,2026-09-24,12,89800
10060,S07,2026-09-24,56,53300
10063,S07,2026-09-24,39,82900
10066,S07,2026-09-24,27,39800
10069,S07,2026-09-24,17,71600
10072,S07,2026-09-24,8,70100
10999,S07,2026-09-24,52,190000
10003,S08,2026-09-24,60,48400
10006,S08,2026-09-24,46,56900
10009,S08,2026-09-24,34,84900
10012,S08,2026-09-24,24,51900
10015,S08,2026-09-24,16,77700
10018,S08,2026-09-24,54,85700
10021,S08,2026-09-24,41,94700
10024,S08,2026-09-24,30,136500
10027,S08,2026-09-24,20,130900
10030,S08,2026-09-24,12,180200
10033,S08,2026-09-24,49,75000
10036,S08,2026-09-24,36,87500
10039,S08,2026-09-24,26,118400
10042,S08,2026-09-24,16,86600
10045,S08,2026-09-24,60,79900
10048,S08,2026-09-24,44,99200
10051,S08,2026-09-24,32,14300
10054,S08,2026-09-24,21,24300
10057,S08,2026-09-24,12,89800
10060,S08,2026-09-24,56,53300
10063,S08,2026-09-24,39,82900
10066,S08,2026-09-24,27,39800
10069,S08,2026-09-24,17,71600
10072,S08,2026-09-24,8,70100
10999,S08,2026-09-24,52,190000
10003,S09,2026-09-24,60,48400
10006,S09,2026-09-24,46,56900
10009,S09,2026-09-24,34,84900
10012,S09,2026-09-24,24,51900
10015,S09,2026-09-24,16,77700
10018,S09,2026-09-24,54,85700
10021,S09,2026-09-24,41,94700
10024,S09,2026-09-24,30,136500
10027,S09,2026-09-24,20,130900
10030,S09,2026-09-24,12,180200
10033,S09,2026-09-24,49,75000
10036,S09,2026-09-24,36,87500
10039,S09,2026-09-24,26,118400
10042,S09,2026-09-24,16,86600
10045,S09,2026-09-24,60,79900
10048,S09,2026-09-24,44,99200
10051,S09,2026-09-24,32,14300
10054,S09,2026-09-24,21,24300
10057,S09,2026-09-24,12,89800
10060,S09,2026-09-24,56,53300
10063,S09,2026-09-24,39,82900
10066,S09,2026-09-24,27,39800
10069,S09,2026-09-24,17,71600
10072,S09,2026-09-24,8,70100
10999,S09,2026-09-24,52,190000
10003,S10,2026-09-24,60,48400
10006,S10,2026-09-24,46,56900
10009,S10,2026-09-24,34,84900
10012,S10,2026-09-24,24,51900
10015,S10,2026-09-24,16,77700
10018,S10,2026-09-24,54,85700
10021,S10,2026-09-24,41,94700
10024,S10,2026-09-24,30,136500
10027,S10,2026-09-24,20,130900
10030,S10,2026-09-24,12,180200
10033,S10,2026-09-24,49,75000
10036,S10,2026-09-24,36,87500
10039,S10,2026-09-24,26,118400
10042,S10,2026-09-24,16,86600
10045,S10,2026-09-24,60,79900
10048,S10,2026-09-24,44,99200
10051,S10,2026-09-24,32,14300
10054,S10,2026-09-24,21,24300
10057,S10,2026-09-24,12,89800
10060,S10,2026-09-24,56,53300
10063,S10,2026-09-24,39,82900
10066,S10,2026-09-24,27,39800
10069,S10,2026-09-24,17,71600
10072,S10,2026-09-24,8,70100
10999,S10,2026-09-24,52,190000
10003,S11,2026-09-24,60,48400
10006,S11,2026-09-24,46,56900
10009,S11,2026-09-24,34,84900
10012,S11,2026-09-24,24,51900
10015,S11,2026-09-24,16,77700
10018,S11,2026-09-24,54,85700
10021,S11,2026-09-24,41,94700
10024,S11,2026-09-24,30,136500
10027,S11,2026-09-24,20,130900
10030,S11,2026-09-24,12,180200
10033,S11,2026-09-24,49,75000
10036,S11,2026-09-24,36,87500
10039,S11,2026-09-24,26,118400
10042,S11,2026-09-24,16,86600
10045,S11,2026-09-24,60,79900
10048,S11,2026-09-24,44,99200
10051,S11,2026-09-24,32,14300
10054,S11,2026-09-24,21,24300
10057,S11,2026-09-24,12,89800
10060,S11,2026-09-24,56,53300
10063,S11,2026-09-24,39,82900
10066,S11,2026-09-24,27,39800
10069,S11,2026-09-24,17,71600
10072,S11,2026-09-24,8,70100
10999,S11,2026-09-24,52,190000
10003,S12,2026-09-24,60,48400
10006,S12,2026-09-24,46,56900
10009,S12,2026-09-24,34,84900
10012,S12,2026-09-24,24,51900
10015,S12,2026-09-24,16,77700
10018,S12,2026-09-24,54,85700
10021,S12,2026-09-24,41,94700
10024,S12,2026-09-24,30,136500
10027,S12,2026-09-24,20,130900
10030,S12,2026-09-24,12,180200
10033,S12,2026-09-24,49,75000
10036,S12,2026-09-24,36,87500
10039,S12,2026-09-24,26,118400
10042,S12,2026-09-24,16,86600
10045,S12,2026-09-24,60,79900
10048,S12,2026-09-24,44,99200
10051,S12,2026-09-24,32,14300
10054,S12,2026-09-24,21,24300
10057,S12,2026-09-24,12,89800
10060,S12,2026-09-24,56,53300
10063,S12,2026-09-24,39,82900
10066,S12,2026-09-24,27,39800
10069,S12,2026-09-24,17,71600
10072,S12,2026-09-24,8,70100
10999,S12,2026-09-24,52,190000
10003,WH-ONLINE,2026-09-24,0,48400
10006,WH-ONLINE,2026-09-24,807,56900
10009,WH-ONLINE,2026-09-24,687,84900
10012,WH-ONLINE,2026-09-24,585,51900
10015,WH-ONLINE,2026-09-24,497,77700
10018,WH-ONLINE,2026-09-24,194,85700
10021,WH-ONLINE,2026-09-24,116,94700
10024,WH-ONLINE,2026-09-24,51,136500
10027,WH-ONLINE,2026-09-24,821,130900
10030,WH-ONLINE,2026-09-24,716,180200
10033,WH-ONLINE,2026-09-24,496,75000
10036,WH-ONLINE,2026-09-24,393,87500
10039,WH-ONLINE,2026-09-24,305,118400
10042,WH-ONLINE,2026-09-24,231,86600
10045,WH-ONLINE,2026-09-24,167,79900
10048,WH-ONLINE,2026-09-24,799,99200
10051,WH-ONLINE,2026-09-24,669,14300
10054,WH-ONLINE,2026-09-24,560,24300
10057,WH-ONLINE,2026-09-24,467,89800
10060,WH-ONLINE,2026-09-24,387,53300
10063,WH-ONLINE,2026-09-24,42,82900
10066,WH-ONLINE,2026-09-24,0,39800
10069,WH-ONLINE,2026-09-24,815,71600
10072,WH-ONLINE,2026-09-24,703,70100
10999,WH-ONLINE,2026-09-24,606,190000
