id,created_on,variant_code,qty,price,discount_amount,financial_status
W2607250001,2026-07-25T08:58:00+07:00,89306006668,1,59000,8800,paid
W2607250002,2026-07-25T16:25:00+07:00,89306006297,1,39000,3900,paid
W2607250003,2026-07-25T21:00:00+07:00,89306004442,1,299000,29900,paid
W2607250003,2026-07-25T21:00:00+07:00,89306000371,1,149000,22400,paid
W2607250004,2026-07-25T13:36:00+07:00,89306004813,2,349000,0,paid
W2607250004,2026-07-25T13:36:00+07:00,89306002968,1,389000,0,paid
W2607250005,2026-07-25T18:28:00+07:00,89306001484,1,179000,0,paid
W2607250006,2026-07-25T17:53:00+07:00,89306005184,1,219000,11000,paid
W2607250007,2026-07-25T18:23:00+07:00,89306008142,1,139000,0,paid
W2607250007,2026-07-25T18:23:00+07:00,89306001855,2,219000,0,paid
W2607250008,2026-07-25T13:57:00+07:00,89306008142,1,139000,13900,paid
W2607250009,2026-07-25T18:49:00+07:00,89306005926,1,319000,16000,paid
W2607250010,2026-07-25T16:57:00+07:00,89306003700,1,529000,0,paid
W2607250010,2026-07-25T16:57:00+07:00,89306008884,1,219000,11000,paid
W2607250011,2026-07-25T14:59:00+07:00,89306005184,1,219000,0,paid
W2607250012,2026-07-25T19:29:00+07:00,89306007039,1,249000,37400,paid
W2607250012,2026-07-25T19:29:00+07:00,89306003700,2,529000,0,paid
W2607250012,2026-07-25T19:29:00+07:00,89306006668,1,59000,3000,paid
W2607250013,2026-07-25T09:58:00+07:00,89306004071,2,259000,77700,paid
W2607250013,2026-07-25T09:58:00+07:00,89306005184,1,219000,0,paid
W2607250013,2026-07-25T09:58:00+07:00,89306000371,1,149000,7400,paid
W2607250014,2026-07-25T13:15:00+07:00,89306002597,1,329000,0,paid
W2607250015,2026-07-25T16:08:00+07:00,89306004442,2,299000,89700,paid
W2607250015,2026-07-25T16:08:00+07:00,89306005926,3,319000,95700,paid
W2607250015,2026-07-25T16:08:00+07:00,89306002226,1,259000,25900,paid
W2607250016,2026-07-25T16:23:00+07:00,89306006297,1,39000,0,paid
W2607250016,2026-07-25T16:23:00+07:00,89306001113,2,229000,45800,paid
W2607250017,2026-07-25T21:39:00+07:00,89306007039,3,249000,37400,paid
W2607250017,2026-07-25T21:39:00+07:00,89306007039,1,249000,12400,paid
W2607250017,2026-07-25T21:39:00+07:00,89306008513,1,179000,0,paid
W2607250018,2026-07-25T16:30:00+07:00,89306006668,2,59000,5900,paid
W2607250019,2026-07-25T20:12:00+07:00,89306007039,1,249000,0,paid
W2607250020,2026-07-25T08:51:00+07:00,89306005184,1,219000,0,paid
W2607250020,2026-07-25T08:51:00+07:00,89306003700,1,529000,0,paid
W2607250021,2026-07-25T13:18:00+07:00,89306000742,1,189000,0,paid
W2607250022,2026-07-25T20:12:00+07:00,89306006297,1,39000,0,paid
W2607250023,2026-07-25T13:35:00+07:00,89306007039,1,249000,0,voided
W2607250024,2026-07-25T15:46:00+07:00,89306004442,1,299000,0,paid
W2607250025,2026-07-25T20:29:00+07:00,89306002226,1,259000,38800,paid
W2607250025,2026-07-25T20:29:00+07:00,89306001113,1,229000,0,paid
W2607250025,2026-07-25T20:29:00+07:00,89306002597,1,329000,0,paid
W2607250026,2026-07-25T18:21:00+07:00,89306001113,1,229000,0,paid
W2607250027,2026-07-25T15:31:00+07:00,89306007400,1,159000,0,paid
W2607250028,2026-07-25T12:50:00+07:00,89306002597,1,329000,0,paid
W2607250029,2026-07-25T21:16:00+07:00,89306005184,1,219000,11000,paid
W2607250030,2026-07-25T17:18:00+07:00,89306005926,1,319000,16000,paid
W2607250031,2026-07-25T20:10:00+07:00,89306001113,2,229000,45800,paid
W2607250032,2026-07-25T10:30:00+07:00,89306003339,1,459000,68800,paid
W2607250032,2026-07-25T10:30:00+07:00,89306001855,1,219000,32800,paid
W2607250033,2026-07-25T21:20:00+07:00,89306005184,1,219000,0,paid
W2607250033,2026-07-25T21:20:00+07:00,89306002597,1,329000,32900,paid
W2607250034,2026-07-25T17:31:00+07:00,89306003700,1,529000,79400,paid
W2607250035,2026-07-25T14:42:00+07:00,89306002226,1,259000,0,paid
W2607250036,2026-07-25T17:56:00+07:00,89306007039,2,249000,49800,paid
W2607250036,2026-07-25T17:56:00+07:00,89306005184,1,219000,21900,paid
W2607250036,2026-07-25T17:56:00+07:00,89306008513,1,179000,0,paid
W2607250037,2026-07-25T17:16:00+07:00,89306002597,1,329000,49400,voided
W2607250038,2026-07-25T19:57:00+07:00,89306007400,1,159000,0,paid
W2607250039,2026-07-25T12:22:00+07:00,89306002226,1,259000,0,paid
W2607250040,2026-07-25T12:52:00+07:00,89306000371,1,149000,22400,paid
W2607250040,2026-07-25T12:52:00+07:00,89306006668,2,59000,5900,paid
W2607250041,2026-07-25T19:23:00+07:00,89306000742,2,189000,0,paid
W2607250041,2026-07-25T19:23:00+07:00,89306005926,1,319000,0,paid
W2607250042,2026-07-25T10:11:00+07:00,89306005184,2,219000,43800,paid
W2607250042,2026-07-25T10:11:00+07:00,89306004813,1,349000,0,paid
W2607250043,2026-07-25T14:00:00+07:00,89306002226,1,259000,38800,paid
W2607250044,2026-07-25T09:22:00+07:00,89306001484,1,179000,17900,paid
W2607250045,2026-07-25T09:55:00+07:00,89306000371,1,149000,7400,paid
W2607250045,2026-07-25T09:55:00+07:00,89306002597,2,329000,0,paid
W2607250046,2026-07-25T14:10:00+07:00,89306001855,1,219000,32800,paid
W2607250047,2026-07-25T08:18:00+07:00,89306007771,1,199000,19900,paid
W2607250048,2026-07-25T08:42:00+07:00,89306000742,1,189000,9400,paid
W2607250049,2026-07-25T20:23:00+07:00,89306008513,1,179000,9000,paid
W2607250049,2026-07-25T20:23:00+07:00,89306005555,1,269000,0,paid
W2607250050,2026-07-25T10:11:00+07:00,89306004442,1,299000,0,paid
W2607250050,2026-07-25T10:11:00+07:00,89306003700,2,529000,158700,paid
W2607250050,2026-07-25T10:11:00+07:00,89306007400,1,159000,15900,paid
W2607250051,2026-07-25T08:23:00+07:00,89306000742,1,189000,0,paid
W2607250052,2026-07-25T08:33:00+07:00,89306002597,1,329000,0,paid
W2607250052,2026-07-25T08:33:00+07:00,89306000742,1,189000,0,paid
W2607250053,2026-07-25T11:19:00+07:00,89306000742,2,189000,0,paid
W2607250053,2026-07-25T11:19:00+07:00,89306003700,1,529000,52900,paid
W2607250054,2026-07-25T21:28:00+07:00,89306000371,2,149000,44700,paid
W2607250054,2026-07-25T21:28:00+07:00,89306001484,2,179000,0,paid
W2607250055,2026-07-25T13:23:00+07:00,89306002968,2,389000,116700,paid
W2607250055,2026-07-25T13:23:00+07:00,89306005184,1,219000,21900,paid
W2607250055,2026-07-25T13:23:00+07:00,89306004071,1,259000,38800,paid
W2607250056,2026-07-25T10:13:00+07:00,89306007400,1,159000,15900,paid
W2607250057,2026-07-25T08:56:00+07:00,89306005926,1,319000,47800,paid
W2607250058,2026-07-25T16:25:00+07:00,89306005926,1,319000,0,paid
W2607250059,2026-07-25T08:32:00+07:00,89306006668,2,59000,0,paid
W2607250060,2026-07-25T09:53:00+07:00,89306003700,1,529000,52900,paid
W2607250061,2026-07-25T18:00:00+07:00,89306007039,2,249000,74700,paid
W2607250061,2026-07-25T18:00:00+07:00,89306004071,1,259000,0,paid
W2607250062,2026-07-25T12:28:00+07:00,89306001855,2,219000,43800,paid
W2607250063,2026-07-25T11:36:00+07:00,89306004813,1,349000,34900,paid
W2607250064,2026-07-25T08:11:00+07:00,89306008513,1,179000,0,paid
W2607250064,2026-07-25T08:11:00+07:00,89306007771,1,199000,10000,paid
W2607250065,2026-07-25T10:17:00+07:00,89306000371,1,149000,0,paid
W2607250066,2026-07-25T11:42:00+07:00,89306002968,1,389000,38900,paid
W2607250067,2026-07-25T16:08:00+07:00,89306001855,2,219000,21900,paid
W2607250067,2026-07-25T16:08:00+07:00,89306005926,1,319000,31900,paid
W2607250068,2026-07-25T17:34:00+07:00,89306008884,1,219000,0,paid
W2607250068,2026-07-25T17:34:00+07:00,89306000742,1,189000,18900,paid
W2607250069,2026-07-25T08:14:00+07:00,89306003700,1,529000,52900,paid
W2607250070,2026-07-25T09:39:00+07:00,89306004071,1,259000,0,voided
W2607250071,2026-07-25T15:41:00+07:00,89306002968,1,389000,0,paid
W2607250072,2026-07-25T11:59:00+07:00,89306003339,1,459000,45900,paid
W2607250072,2026-07-25T11:59:00+07:00,89306001113,1,229000,34400,paid
W2607250073,2026-07-25T12:08:00+07:00,89306003700,1,529000,0,paid
W2607250074,2026-07-25T09:37:00+07:00,89306001113,1,229000,22900,paid
W2607250075,2026-07-25T15:43:00+07:00,89306003700,1,529000,0,paid
W2607250075,2026-07-25T15:43:00+07:00,89306008884,1,219000,0,paid
W2607250075,2026-07-25T15:43:00+07:00,89306005926,1,319000,47800,paid
W2607250076,2026-07-25T20:17:00+07:00,89306008142,1,139000,20800,paid
W2607250077,2026-07-25T17:19:00+07:00,89306004442,1,299000,0,paid
W2607250077,2026-07-25T17:19:00+07:00,89306003339,1,459000,0,paid
W2607250078,2026-07-25T17:19:00+07:00,89306007771,1,199000,29800,paid
W2607250079,2026-07-25T18:00:00+07:00,89306001484,1,179000,17900,voided
W2607250080,2026-07-25T12:52:00+07:00,89306007400,1,159000,0,paid
W2607250081,2026-07-25T20:44:00+07:00,89306001855,1,219000,11000,paid
W2607250082,2026-07-25T09:24:00+07:00,89306001113,2,229000,22900,paid
W2607250083,2026-07-25T19:13:00+07:00,89306005555,3,269000,80700,paid
W2607250084,2026-07-25T17:43:00+07:00,89306004442,1,299000,29900,paid
W2607250085,2026-07-25T13:30:00+07:00,89306004071,1,259000,13000,paid
W2607250086,2026-07-25T14:01:00+07:00,89306006297,1,39000,3900,paid
W2607250087,2026-07-25T09:30:00+07:00,89306008513,2,179000,35800,paid
